"path","top_category","extension","size_bytes","git_lfs","last_write_time"
".gitattributes",".gitattributes",".gitattributes","47427","False","2026-06-01T00:54:15"
"1 - Design/OVERVIEW.pdf","1 - Design",".pdf","3018632","False","2026-05-28T09:25:38"
"1 - Design/UBCHighRiseTest-IFC.pdf","1 - Design",".pdf","1354964","False","2024-05-14T20:31:01"
"2 - Construction/3Dassembly-Components.pdf","2 - Construction",".pdf","9895252","False","2024-01-12T19:50:54"
"2 - Construction/Assemble plan.pdf","2 - Construction",".pdf","797547","False","2024-10-17T16:35:24"
"2 - Construction/Assemble work summary.docx","2 - Construction",".docx","17322621","True","2026-06-01T01:29:26"
"2 - Construction/On-site construction.mp4","2 - Construction",".mp4","308507127","True","2026-06-01T01:29:26"
"3 - Damper/Friction damper/Outrigger/Note.txt","3 - Damper",".txt","205","False","2026-05-27T19:10:08"
"3 - Damper/Friction damper/Outrigger/OR_Loading protocol.xlsx","3 - Damper",".xlsx","16726","False","2026-05-29T15:12:35"
"3 - Damper/Friction damper/Outrigger/OR2/OR2.mp4","3 - Damper",".mp4","14646690","True","2026-06-01T01:29:26"
"3 - Damper/Friction damper/Outrigger/OR2/OR2-v=0.4.xlsx","3 - Damper",".xlsx","679740","False","2026-05-29T15:12:14"
"3 - Damper/Friction damper/Outrigger/OR3/0R3.mp4","3 - Damper",".mp4","18810537","True","2026-06-01T01:29:26"
"3 - Damper/Friction damper/Outrigger/OR3/OR3-v=0.4.xlsx","3 - Damper",".xlsx","669669","False","2024-12-09T16:17:02"
"3 - Damper/Friction damper/Outrigger/OR4/OR4.mp4","3 - Damper",".mp4","15653218","True","2026-06-01T01:29:26"
"3 - Damper/Friction damper/Outrigger/OR4/OR4-v=0.4.xlsx","3 - Damper",".xlsx","698549","False","2024-06-14T18:30:08"
"3 - Damper/Friction damper/Outrigger/OR5/OR5.mp4","3 - Damper",".mp4","16998990","True","2026-06-01T01:29:26"
"3 - Damper/Friction damper/Outrigger/OR5/OR5-v=0.4.xlsx","3 - Damper",".xlsx","726484","False","2024-12-09T16:17:01"
"3 - Damper/Friction damper/Outrigger/OR6/OR6.mp4","3 - Damper",".mp4","14762268","True","2026-06-01T01:29:26"
"3 - Damper/Friction damper/Outrigger/OR6/OR6-v=0.4.xlsx","3 - Damper",".xlsx","690410","False","2024-12-09T16:16:59"
"3 - Damper/Friction damper/Wall-base/Note.txt","3 - Damper",".txt","205","False","2026-05-27T19:10:08"
"3 - Damper/Friction damper/Wall-base/WB_Loading protocol.xlsx","3 - Damper",".xlsx","17712","False","2026-05-27T19:07:28"
"3 - Damper/Friction damper/Wall-base/WB2/WB2.mp4","3 - Damper",".mp4","17675297","True","2026-06-01T01:29:26"
"3 - Damper/Friction damper/Wall-base/WB2/WB2-v=0.4.xlsx","3 - Damper",".xlsx","747059","False","2024-07-27T22:05:07"
"3 - Damper/Friction damper/Wall-base/WB3/WB3.mp4","3 - Damper",".mp4","19753122","True","2026-06-01T01:29:26"
"3 - Damper/Friction damper/Wall-base/WB3/WB3-v=0.4mm.xlsx","3 - Damper",".xlsx","1743478","False","2024-07-27T21:52:05"
"3 - Damper/Friction damper/Wall-base/WB4/WB4.mp4","3 - Damper",".mp4","22633639","True","2026-06-01T01:29:26"
"3 - Damper/Friction damper/Wall-base/WB4/WB4-v=0.4mm.xlsx","3 - Damper",".xlsx","702830","False","2024-07-27T22:05:09"
"3 - Damper/Friction damper/Wall-base/WB5/WB5.mp4","3 - Damper",".mp4","16841320","True","2026-06-01T01:29:26"
"3 - Damper/Friction damper/Wall-base/WB5/WB5-v=0.4mm.xlsx","3 - Damper",".xlsx","862803","False","2024-12-28T17:11:38"
"3 - Damper/LED/Summary of LED Test Results.docx","3 - Damper",".docx","4774707","False","2024-08-14T15:34:51"
"3 - Damper/RSFJ/RSFJ outrigger dampers.xlsx","3 - Damper",".xlsx","291388","False","2024-08-14T15:34:23"
"4 - Instrumentation/As-built instrumentation.docx","4 - Instrumentation",".docx","79210495","True","2026-06-01T01:29:26"
"4 - Instrumentation/Instrumentation channel list_final.xlsx","4 - Instrumentation",".xlsx","98247","False","2025-06-23T10:43:35"
"4 - Instrumentation/Instrumnetation drawing.dwg","4 - Instrumentation",".dwg","2067854","False","2025-02-22T16:11:13"
"4 - Instrumentation/Pic/As-built/Acce.JPG","4 - Instrumentation",".JPG","12031410","True","2026-06-01T01:29:26"
"4 - Instrumentation/Pic/As-built/CB (1).JPG","4 - Instrumentation",".JPG","11318678","True","2026-06-01T01:29:26"
"4 - Instrumentation/Pic/As-built/CB (10).JPG","4 - Instrumentation",".JPG","11489020","True","2026-06-01T01:29:26"
"4 - Instrumentation/Pic/As-built/CB (11).JPG","4 - Instrumentation",".JPG","11881660","True","2026-06-01T01:29:26"
"4 - Instrumentation/Pic/As-built/CB (2).JPG","4 - Instrumentation",".JPG","7298834","False","2025-01-04T10:32:24"
"4 - Instrumentation/Pic/As-built/CB (3).JPG","4 - Instrumentation",".JPG","11301702","True","2026-06-01T01:29:26"
"4 - Instrumentation/Pic/As-built/CB (4).JPG","4 - Instrumentation",".JPG","7779277","False","2025-01-05T13:56:42"
"4 - Instrumentation/Pic/As-built/CB (5).JPG","4 - Instrumentation",".JPG","7551164","False","2025-01-07T11:17:08"
"4 - Instrumentation/Pic/As-built/CB (6).JPG","4 - Instrumentation",".JPG","9753167","False","2025-01-04T10:34:16"
"4 - Instrumentation/Pic/As-built/CB (7).JPG","4 - Instrumentation",".JPG","8775154","False","2025-01-04T10:28:24"
"4 - Instrumentation/Pic/As-built/CB (8).JPG","4 - Instrumentation",".JPG","8228471","False","2025-01-04T10:28:58"
"4 - Instrumentation/Pic/As-built/CB (9).JPG","4 - Instrumentation",".JPG","12254838","True","2026-06-01T01:29:26"
"4 - Instrumentation/Pic/As-built/Core (1).JPG","4 - Instrumentation",".JPG","10903194","True","2026-06-01T01:29:26"
"4 - Instrumentation/Pic/As-built/Core (2).JPG","4 - Instrumentation",".JPG","12442775","True","2026-06-01T01:29:26"
"4 - Instrumentation/Pic/As-built/Global disp (1).JPG","4 - Instrumentation",".JPG","12547821","True","2026-06-01T01:29:26"
"4 - Instrumentation/Pic/As-built/Global disp (2).JPG","4 - Instrumentation",".JPG","8825692","False","2025-01-03T12:38:12"
"4 - Instrumentation/Pic/As-built/Global disp (3).JPG","4 - Instrumentation",".JPG","8067359","False","2025-01-03T12:40:14"
"4 - Instrumentation/Pic/As-built/Global disp (4).JPG","4 - Instrumentation",".JPG","11941985","True","2026-06-01T01:29:26"
"4 - Instrumentation/Pic/As-built/Global disp (5).JPG","4 - Instrumentation",".JPG","11000896","True","2026-06-01T01:29:26"
"4 - Instrumentation/Pic/As-built/L1_NE (1).JPG","4 - Instrumentation",".JPG","10065015","True","2026-06-01T01:29:26"
"4 - Instrumentation/Pic/As-built/L1_NE (2).JPG","4 - Instrumentation",".JPG","9149654","False","2025-01-07T13:18:52"
"4 - Instrumentation/Pic/As-built/L1_SW.JPG","4 - Instrumentation",".JPG","9469800","False","2025-01-07T13:19:30"
"4 - Instrumentation/Pic/As-built/L6_SW.JPG","4 - Instrumentation",".JPG","12689636","True","2026-06-01T01:29:27"
"4 - Instrumentation/Pic/As-built/OR beam (1).JPG","4 - Instrumentation",".JPG","11064214","True","2026-06-01T01:29:27"
"4 - Instrumentation/Pic/As-built/OR beam (2).JPG","4 - Instrumentation",".JPG","9223251","False","2025-01-07T11:37:06"
"4 - Instrumentation/Pic/As-built/OR beam (3).JPG","4 - Instrumentation",".JPG","9914344","False","2025-01-07T11:37:26"
"4 - Instrumentation/Pic/As-built/OR beam (4).JPG","4 - Instrumentation",".JPG","9909024","False","2025-01-07T11:38:04"
"4 - Instrumentation/Pic/As-built/OR damper (1).JPG","4 - Instrumentation",".JPG","11800811","True","2026-06-01T01:29:27"
"4 - Instrumentation/Pic/As-built/OR damper (10).JPG","4 - Instrumentation",".JPG","10009147","True","2026-06-01T01:29:27"
"4 - Instrumentation/Pic/As-built/OR damper (11).JPG","4 - Instrumentation",".JPG","10149968","True","2026-06-01T01:29:27"
"4 - Instrumentation/Pic/As-built/OR damper (12).JPG","4 - Instrumentation",".JPG","8976422","False","2025-01-10T21:32:50"
"4 - Instrumentation/Pic/As-built/OR damper (13).JPG","4 - Instrumentation",".JPG","9277564","False","2025-01-10T21:32:50"
"4 - Instrumentation/Pic/As-built/OR damper (14).JPG","4 - Instrumentation",".JPG","9279531","False","2025-01-10T21:32:50"
"4 - Instrumentation/Pic/As-built/OR damper (15).JPG","4 - Instrumentation",".JPG","8829902","False","2025-01-10T21:32:50"
"4 - Instrumentation/Pic/As-built/OR damper (2).JPG","4 - Instrumentation",".JPG","12381221","True","2026-06-01T01:29:27"
"4 - Instrumentation/Pic/As-built/OR damper (3).JPG","4 - Instrumentation",".JPG","11435620","True","2026-06-01T01:29:27"
"4 - Instrumentation/Pic/As-built/OR damper (4).JPG","4 - Instrumentation",".JPG","12389084","True","2026-06-01T01:29:27"
"4 - Instrumentation/Pic/As-built/OR damper (5).JPG","4 - Instrumentation",".JPG","12517163","True","2026-06-01T01:29:27"
"4 - Instrumentation/Pic/As-built/OR damper (6).JPG","4 - Instrumentation",".JPG","12820310","True","2026-06-01T01:29:27"
"4 - Instrumentation/Pic/As-built/OR damper (7).JPG","4 - Instrumentation",".JPG","9319290","False","2025-01-07T11:55:22"
"4 - Instrumentation/Pic/As-built/OR damper (8).JPG","4 - Instrumentation",".JPG","9519000","False","2025-01-07T11:55:32"
"4 - Instrumentation/Pic/As-built/OR damper (9).JPG","4 - Instrumentation",".JPG","11879970","True","2026-06-01T01:29:27"
"4 - Instrumentation/Pic/As-built/W2W (1).JPG","4 - Instrumentation",".JPG","9336536","False","2025-01-07T11:18:54"
"4 - Instrumentation/Pic/As-built/W2W (2).JPG","4 - Instrumentation",".JPG","11274182","True","2026-06-01T01:29:27"
"4 - Instrumentation/Pic/As-built/W2W (3).JPG","4 - Instrumentation",".JPG","9564754","False","2025-01-07T11:58:40"
"4 - Instrumentation/Pic/As-built/W2W (4).JPG","4 - Instrumentation",".JPG","11824891","True","2026-06-01T01:29:27"
"4 - Instrumentation/Pic/As-built/W2W (5).JPG","4 - Instrumentation",".JPG","12861979","True","2026-06-01T01:29:27"
"4 - Instrumentation/Pic/As-built/WB (1).JPG","4 - Instrumentation",".JPG","10564733","True","2026-06-01T01:29:27"
"4 - Instrumentation/Pic/As-built/WB (2).JPG","4 - Instrumentation",".JPG","11220673","True","2026-06-01T01:29:27"
"4 - Instrumentation/Pic/As-built/WB (3).JPG","4 - Instrumentation",".JPG","10072777","True","2026-06-01T01:29:27"
"4 - Instrumentation/Pic/As-built/WB (4).JPG","4 - Instrumentation",".JPG","10263108","True","2026-06-01T01:29:27"
"4 - Instrumentation/Pic/As-built/WB (5).JPG","4 - Instrumentation",".JPG","9121882","False","2025-01-07T10:10:06"
"4 - Instrumentation/Pic/As-built/WB (6).JPG","4 - Instrumentation",".JPG","9007172","False","2025-01-07T10:21:40"
"4 - Instrumentation/Pic/As-built/WB (7).JPG","4 - Instrumentation",".JPG","12070504","True","2026-06-01T01:29:27"
"4 - Instrumentation/Pic/As-built/WB damper (1).JPG","4 - Instrumentation",".JPG","10288693","True","2026-06-01T01:29:27"
"4 - Instrumentation/Pic/As-built/WB damper (2).JPG","4 - Instrumentation",".JPG","11954744","True","2026-06-01T01:29:27"
"4 - Instrumentation/Pic/As-built/WB damper (3).JPG","4 - Instrumentation",".JPG","10973682","True","2026-06-01T01:29:27"
"4 - Instrumentation/Pic/As-built/WB damper (4).JPG","4 - Instrumentation",".JPG","12036021","True","2026-06-01T01:29:27"
"4 - Instrumentation/Pic/Sensor/LC.JPG","4 - Instrumentation",".JPG","9769779","False","2024-12-27T14:16:10"
"4 - Instrumentation/Pic/Sensor/LP (1).JPG","4 - Instrumentation",".JPG","10072968","True","2026-06-01T01:29:27"
"4 - Instrumentation/Pic/Sensor/LP (2).JPG","4 - Instrumentation",".JPG","6538784","False","2025-02-19T10:53:30"
"4 - Instrumentation/Pic/Sensor/LP (3).JPG","4 - Instrumentation",".JPG","11134198","True","2026-06-01T01:29:27"
"4 - Instrumentation/Pic/Sensor/LP (4).JPG","4 - Instrumentation",".JPG","10281735","True","2026-06-01T01:29:27"
"4 - Instrumentation/Pic/Sensor/LP (5).JPG","4 - Instrumentation",".JPG","10641337","True","2026-06-01T01:29:27"
"4 - Instrumentation/Pic/Sensor/LP (6).JPG","4 - Instrumentation",".JPG","10871872","True","2026-06-01T01:29:27"
"4 - Instrumentation/Pic/Sensor/LP (7).JPG","4 - Instrumentation",".JPG","10061648","True","2026-06-01T01:29:27"
"4 - Instrumentation/Pic/Sensor/LP (8).JPG","4 - Instrumentation",".JPG","9522313","False","2025-01-12T20:44:12"
"4 - Instrumentation/Pic/Sensor/LP (9).JPG","4 - Instrumentation",".JPG","11048474","True","2026-06-01T01:29:27"
"4 - Instrumentation/Pic/Sensor/SP (1).JPG","4 - Instrumentation",".JPG","10119921","True","2026-06-01T01:29:27"
"4 - Instrumentation/Pic/Sensor/SP (2).JPG","4 - Instrumentation",".JPG","9847122","False","2024-12-27T14:15:43"
"5 - Test/Media/Pic/D1/DSC_0058.JPG","5 - Test",".JPG","9962672","False","2025-01-11T13:25:52"
"5 - Test/Media/Pic/D1/DSC_0059.JPG","5 - Test",".JPG","9458468","False","2025-01-11T13:26:04"
"5 - Test/Media/Pic/D1/DSC_0060.JPG","5 - Test",".JPG","10137583","True","2026-06-01T01:29:27"
"5 - Test/Media/Pic/D1/DSC_0061.JPG","5 - Test",".JPG","9344963","False","2025-01-11T13:26:58"
"5 - Test/Media/Pic/D1/DSC_0062.JPG","5 - Test",".JPG","10108791","True","2026-06-01T01:29:27"
"5 - Test/Media/Pic/D1/DSC_0063.JPG","5 - Test",".JPG","9173135","False","2025-01-11T13:27:40"
"5 - Test/Media/Pic/D1/DSC_0064.JPG","5 - Test",".JPG","9778633","False","2025-01-11T13:27:50"
"5 - Test/Media/Pic/D1/DSC_0065.JPG","5 - Test",".JPG","9832040","False","2025-01-11T13:27:56"
"5 - Test/Media/Pic/D1/DSC_0066.JPG","5 - Test",".JPG","9437746","False","2025-01-11T13:28:04"
"5 - Test/Media/Pic/D1/DSC_0067.JPG","5 - Test",".JPG","9668484","False","2025-01-11T13:28:10"
"5 - Test/Media/Pic/D1/DSC_0068.JPG","5 - Test",".JPG","9611215","False","2025-01-11T13:28:22"
"5 - Test/Media/Pic/D1/DSC_0069.JPG","5 - Test",".JPG","10174389","True","2026-06-01T01:29:27"
"5 - Test/Media/Pic/D1/DSC_0070.JPG","5 - Test",".JPG","9171856","False","2025-01-11T13:29:40"
"5 - Test/Media/Pic/D1/DSC_0071.JPG","5 - Test",".JPG","9982207","False","2025-01-11T13:30:10"
"5 - Test/Media/Pic/D1/DSC_0072.JPG","5 - Test",".JPG","8809575","False","2025-01-11T13:30:34"
"5 - Test/Media/Pic/D1/DSC_0073.JPG","5 - Test",".JPG","8899464","False","2025-01-11T13:30:44"
"5 - Test/Media/Pic/D1/DSC_0074.JPG","5 - Test",".JPG","9153736","False","2025-01-11T13:30:52"
"5 - Test/Media/Pic/D1/DSC_0075.JPG","5 - Test",".JPG","8819522","False","2025-01-11T13:31:16"
"5 - Test/Media/Pic/D1/DSC_0076.JPG","5 - Test",".JPG","9843666","False","2025-01-11T13:31:32"
"5 - Test/Media/Pic/D1/DSC_0189.JPG","5 - Test",".JPG","10232197","True","2026-06-01T01:29:27"
"5 - Test/Media/Pic/D1/DSC_0190.JPG","5 - Test",".JPG","9947991","False","2025-01-10T16:16:22"
"5 - Test/Media/Pic/D1/DSC_0191.JPG","5 - Test",".JPG","10319417","True","2026-06-01T01:29:27"
"5 - Test/Media/Pic/D1/DSC_0192.JPG","5 - Test",".JPG","9364136","False","2025-01-10T16:16:50"
"5 - Test/Media/Pic/D1/DSC_0193.JPG","5 - Test",".JPG","10393138","True","2026-06-01T01:29:27"
"5 - Test/Media/Pic/D1/DSC_0194.JPG","5 - Test",".JPG","9329038","False","2025-01-10T16:17:16"
"5 - Test/Media/Pic/D1/DSC_0195.JPG","5 - Test",".JPG","9639988","False","2025-01-10T16:17:30"
"5 - Test/Media/Pic/D1/DSC_0196.JPG","5 - Test",".JPG","9729715","False","2025-01-10T16:17:40"
"5 - Test/Media/Pic/D1/DSC_0197.JPG","5 - Test",".JPG","11096865","True","2026-06-01T01:29:27"
"5 - Test/Media/Pic/D1/DSC_0198.JPG","5 - Test",".JPG","9919051","False","2025-01-10T16:17:54"
"5 - Test/Media/Pic/D1/DSC_0199.JPG","5 - Test",".JPG","10605300","True","2026-06-01T01:29:27"
"5 - Test/Media/Pic/D1/DSC_0201.JPG","5 - Test",".JPG","10580124","True","2026-06-01T01:29:27"
"5 - Test/Media/Pic/D1/DSC_0202.JPG","5 - Test",".JPG","9934146","False","2025-01-10T16:19:54"
"5 - Test/Media/Pic/D1/DSC_0203.JPG","5 - Test",".JPG","11574015","True","2026-06-01T01:29:27"
"5 - Test/Media/Pic/D1/DSC_0204.JPG","5 - Test",".JPG","10261510","True","2026-06-01T01:29:27"
"5 - Test/Media/Pic/D1/DSC_0207.JPG","5 - Test",".JPG","9865732","False","2025-01-10T16:21:28"
"5 - Test/Media/Pic/D1/DSC_0208.JPG","5 - Test",".JPG","9496558","False","2025-01-10T16:21:54"
"5 - Test/Media/Pic/D1/DSC_0209.JPG","5 - Test",".JPG","10229051","True","2026-06-01T01:29:27"
"5 - Test/Media/Pic/D1/DSC_0210.JPG","5 - Test",".JPG","9940311","False","2025-01-10T16:22:42"
"5 - Test/Media/Pic/D1/DSC_0212.JPG","5 - Test",".JPG","9406489","False","2025-01-10T16:23:16"
"5 - Test/Media/Pic/D1/DSC_0213.JPG","5 - Test",".JPG","10432436","True","2026-06-01T01:29:27"
"5 - Test/Media/Pic/D1/DSC_0214.JPG","5 - Test",".JPG","9353408","False","2025-01-10T16:24:02"
"5 - Test/Media/Pic/D1/DSC_0215.JPG","5 - Test",".JPG","9527610","False","2025-01-10T16:24:12"
"5 - Test/Media/Pic/D1/DSC_0216.JPG","5 - Test",".JPG","9030345","False","2025-01-10T16:24:24"
"5 - Test/Media/Pic/D1/DSC_0217.JPG","5 - Test",".JPG","9033233","False","2025-01-10T16:24:34"
"5 - Test/Media/Pic/D1/DSC_0218.JPG","5 - Test",".JPG","9348001","False","2025-01-10T16:24:42"
"5 - Test/Media/Pic/D1/DSC_0219.JPG","5 - Test",".JPG","9467999","False","2025-01-10T16:25:12"
"5 - Test/Media/Pic/D1/DSC_0220.JPG","5 - Test",".JPG","8746299","False","2025-01-10T16:25:40"
"5 - Test/Media/Pic/D1/DSC_0221.JPG","5 - Test",".JPG","8798778","False","2025-01-10T16:27:36"
"5 - Test/Media/Pic/D1/DSC_0222.JPG","5 - Test",".JPG","8932108","False","2025-01-11T11:13:33"
"5 - Test/Media/Pic/D1/DSC_0223.JPG","5 - Test",".JPG","9444171","False","2025-01-10T16:27:54"
"5 - Test/Media/Pic/D1/DSC_0224.JPG","5 - Test",".JPG","9627326","False","2025-01-10T16:28:04"
"5 - Test/Media/Pic/D1/DSC_0225.JPG","5 - Test",".JPG","11481763","True","2026-06-01T01:29:27"
"5 - Test/Media/Pic/D1/DSC_0226.JPG","5 - Test",".JPG","9429138","False","2025-01-10T16:28:48"
"5 - Test/Media/Pic/D1/DSC_0227.JPG","5 - Test",".JPG","9237339","False","2025-01-10T16:29:04"
"5 - Test/Media/Pic/D1/DSC_0228.JPG","5 - Test",".JPG","9636711","False","2025-01-10T16:29:44"
"5 - Test/Media/Pic/D1/DSC_0229.JPG","5 - Test",".JPG","9802057","False","2025-01-10T16:30:02"
"5 - Test/Media/Pic/D1/DSC_0232.JPG","5 - Test",".JPG","10475720","True","2026-06-01T01:29:27"
"5 - Test/Media/Pic/D2/DSC_0159.JPG","5 - Test",".JPG","9656329","False","2025-01-13T11:44:52"
"5 - Test/Media/Pic/D2/DSC_0160.JPG","5 - Test",".JPG","9292758","False","2025-01-13T11:45:00"
"5 - Test/Media/Pic/D2/DSC_0161.JPG","5 - Test",".JPG","9243756","False","2025-01-13T11:45:06"
"5 - Test/Media/Pic/D2/DSC_0162.JPG","5 - Test",".JPG","9272047","False","2025-01-13T11:45:24"
"5 - Test/Media/Pic/D2/DSC_0163.JPG","5 - Test",".JPG","9165535","False","2025-01-13T11:45:32"
"5 - Test/Media/Pic/D2/DSC_0164.JPG","5 - Test",".JPG","9724596","False","2025-01-13T11:46:00"
"5 - Test/Media/Pic/D2/DSC_0165.JPG","5 - Test",".JPG","10512715","True","2026-06-01T01:29:27"
"5 - Test/Media/Pic/D2/DSC_0166.JPG","5 - Test",".JPG","8755073","False","2025-01-13T11:46:14"
"5 - Test/Media/Pic/D2/DSC_0167.JPG","5 - Test",".JPG","11520556","True","2026-06-01T01:29:27"
"5 - Test/Media/Pic/D2/DSC_0168.JPG","5 - Test",".JPG","10357491","True","2026-06-01T01:29:27"
"5 - Test/Media/Pic/D2/DSC_0169.JPG","5 - Test",".JPG","10742240","True","2026-06-01T01:29:27"
"5 - Test/Media/Pic/D2/DSC_0170.JPG","5 - Test",".JPG","11307775","True","2026-06-01T01:29:27"
"5 - Test/Media/Pic/D2/DSC_0171.JPG","5 - Test",".JPG","9623157","False","2025-01-13T11:48:10"
"5 - Test/Media/Pic/D2/DSC_0172.JPG","5 - Test",".JPG","10921534","True","2026-06-01T01:29:27"
"5 - Test/Media/Pic/D2/DSC_0173.JPG","5 - Test",".JPG","9650980","False","2025-01-13T11:48:28"
"5 - Test/Media/Pic/D2/DSC_0174.JPG","5 - Test",".JPG","10589833","True","2026-06-01T01:29:27"
"5 - Test/Media/Pic/D2/DSC_0175.JPG","5 - Test",".JPG","10628308","True","2026-06-01T01:29:27"
"5 - Test/Media/Pic/D2/DSC_0176.JPG","5 - Test",".JPG","9847225","False","2025-01-13T11:49:10"
"5 - Test/Media/Pic/D2/DSC_0177.JPG","5 - Test",".JPG","11149965","True","2026-06-01T01:29:27"
"5 - Test/Media/Pic/D2/DSC_0178.JPG","5 - Test",".JPG","11109362","True","2026-06-01T01:29:27"
"5 - Test/Media/Pic/D2/DSC_0179.JPG","5 - Test",".JPG","10290754","True","2026-06-01T01:29:27"
"5 - Test/Media/Pic/D2/DSC_0180.JPG","5 - Test",".JPG","10715658","True","2026-06-01T01:29:27"
"5 - Test/Media/Pic/D2/DSC_0181.JPG","5 - Test",".JPG","10764819","True","2026-06-01T01:29:27"
"5 - Test/Media/Pic/D2/DSC_0182.JPG","5 - Test",".JPG","11343576","True","2026-06-01T01:29:27"
"5 - Test/Media/Pic/D2/DSC_0183.JPG","5 - Test",".JPG","10305250","True","2026-06-01T01:29:27"
"5 - Test/Media/Pic/D2/DSC_0184.JPG","5 - Test",".JPG","10332486","True","2026-06-01T01:29:27"
"5 - Test/Media/Pic/D2/DSC_0185.JPG","5 - Test",".JPG","10086296","True","2026-06-01T01:29:27"
"5 - Test/Media/Pic/D2/DSC_0186.JPG","5 - Test",".JPG","10185780","True","2026-06-01T01:29:27"
"5 - Test/Media/Pic/D2/DSC_0187.JPG","5 - Test",".JPG","10567200","True","2026-06-01T01:29:27"
"5 - Test/Media/Pic/D2/DSC_0189.JPG","5 - Test",".JPG","10355481","True","2026-06-01T01:29:27"
"5 - Test/Media/Pic/D2/DSC_0190.JPG","5 - Test",".JPG","9543565","False","2025-01-13T11:53:22"
"5 - Test/Media/Pic/D2/DSC_0191.JPG","5 - Test",".JPG","9465504","False","2025-01-13T11:53:28"
"5 - Test/Media/Pic/D2/DSC_0192.JPG","5 - Test",".JPG","9566278","False","2025-01-13T11:53:36"
"5 - Test/Media/Pic/D2/DSC_0193.JPG","5 - Test",".JPG","10650898","True","2026-06-01T01:29:27"
"5 - Test/Media/Pic/D2/DSC_0194.JPG","5 - Test",".JPG","10845826","True","2026-06-01T01:29:27"
"5 - Test/Media/Pic/D3/DSC_0323.JPG","5 - Test",".JPG","11460675","True","2026-06-01T01:29:28"
"5 - Test/Media/Pic/D3/DSC_0324.JPG","5 - Test",".JPG","10519465","True","2026-06-01T01:29:28"
"5 - Test/Media/Pic/D3/DSC_0325.JPG","5 - Test",".JPG","11241811","True","2026-06-01T01:29:28"
"5 - Test/Media/Pic/D3/DSC_0326.JPG","5 - Test",".JPG","10492886","True","2026-06-01T01:29:28"
"5 - Test/Media/Pic/D3/DSC_0327.JPG","5 - Test",".JPG","10989627","True","2026-06-01T01:29:28"
"5 - Test/Media/Pic/D3/DSC_0328.JPG","5 - Test",".JPG","10384421","True","2026-06-01T01:29:28"
"5 - Test/Media/Pic/D3/DSC_0329.JPG","5 - Test",".JPG","11057316","True","2026-06-01T01:29:28"
"5 - Test/Media/Pic/D3/DSC_0330.JPG","5 - Test",".JPG","10699182","True","2026-06-01T01:29:28"
"5 - Test/Media/Pic/D3/DSC_0331.JPG","5 - Test",".JPG","10676720","True","2026-06-01T01:29:28"
"5 - Test/Media/Pic/D3/DSC_0332.JPG","5 - Test",".JPG","10307162","True","2026-06-01T01:29:28"
"5 - Test/Media/Pic/D3/DSC_0333.JPG","5 - Test",".JPG","9971476","False","2025-01-13T14:16:52"
"5 - Test/Media/Pic/D3/DSC_0334.JPG","5 - Test",".JPG","10543991","True","2026-06-01T01:29:28"
"5 - Test/Media/Pic/D3/DSC_0335.JPG","5 - Test",".JPG","10159024","True","2026-06-01T01:29:28"
"5 - Test/Media/Pic/D3/DSC_0336.JPG","5 - Test",".JPG","9222049","False","2025-01-13T14:17:12"
"5 - Test/Media/Pic/D3/DSC_0337.JPG","5 - Test",".JPG","9882355","False","2025-01-13T14:17:18"
"5 - Test/Media/Pic/D3/DSC_0338.JPG","5 - Test",".JPG","10371994","True","2026-06-01T01:29:28"
"5 - Test/Media/Pic/D3/DSC_0339.JPG","5 - Test",".JPG","10605962","True","2026-06-01T01:29:28"
"5 - Test/Media/Pic/D3/DSC_0340.JPG","5 - Test",".JPG","10479155","True","2026-06-01T01:29:28"
"5 - Test/Media/Pic/D3/DSC_0341.JPG","5 - Test",".JPG","11098509","True","2026-06-01T01:29:28"
"5 - Test/Media/Pic/D3/DSC_0342.JPG","5 - Test",".JPG","11029534","True","2026-06-01T01:29:28"
"5 - Test/Media/Pic/D3/DSC_0343.JPG","5 - Test",".JPG","10645070","True","2026-06-01T01:29:28"
"5 - Test/Media/Pic/D3/DSC_0344.JPG","5 - Test",".JPG","10572993","True","2026-06-01T01:29:28"
"5 - Test/Media/Pic/D3/DSC_0345.JPG","5 - Test",".JPG","10953561","True","2026-06-01T01:29:28"
"5 - Test/Media/Pic/D3/DSC_0346.JPG","5 - Test",".JPG","10879236","True","2026-06-01T01:29:28"
"5 - Test/Media/Pic/D3/DSC_0347.JPG","5 - Test",".JPG","10633229","True","2026-06-01T01:29:28"
"5 - Test/Media/Pic/D3/DSC_0348.JPG","5 - Test",".JPG","10116988","True","2026-06-01T01:29:28"
"5 - Test/Media/Pic/D3/DSC_0349.JPG","5 - Test",".JPG","10269677","True","2026-06-01T01:29:28"
"5 - Test/Media/Pic/D3/DSC_0350.JPG","5 - Test",".JPG","9923214","False","2025-01-14T09:50:10"
"5 - Test/Media/Pic/D3/DSC_0351.JPG","5 - Test",".JPG","9904459","False","2025-01-14T09:50:30"
"5 - Test/Media/Pic/D3/DSC_0352.JPG","5 - Test",".JPG","10583920","True","2026-06-01T01:29:28"
"5 - Test/Media/Pic/D3/DSC_0355.JPG","5 - Test",".JPG","9760184","False","2025-01-14T09:53:24"
"5 - Test/Media/Pic/D3/DSC_0356.JPG","5 - Test",".JPG","8989397","False","2025-01-14T09:53:34"
"5 - Test/Media/Pic/D3/DSC_0357.JPG","5 - Test",".JPG","9558430","False","2025-01-14T09:53:48"
"5 - Test/Media/Pic/D3/DSC_0359.JPG","5 - Test",".JPG","9008774","False","2025-01-14T09:54:14"
"5 - Test/Media/Pic/D3/DSC_0360.JPG","5 - Test",".JPG","9474377","False","2025-01-14T09:54:20"
"5 - Test/Media/Pic/D3/DSC_0361.JPG","5 - Test",".JPG","8604618","False","2025-01-14T09:54:32"
"5 - Test/Media/Pic/D3/DSC_0362.JPG","5 - Test",".JPG","9392280","False","2025-01-14T09:54:50"
"5 - Test/Media/Pic/D3/DSC_0363.JPG","5 - Test",".JPG","9607416","False","2025-01-14T09:54:58"
"5 - Test/Media/Pic/D3/DSC_0364.JPG","5 - Test",".JPG","9983693","False","2025-01-14T09:55:06"
"5 - Test/Media/Pic/D3/DSC_0365.JPG","5 - Test",".JPG","10403983","True","2026-06-01T01:29:28"
"5 - Test/Media/Pic/D3/DSC_0366.JPG","5 - Test",".JPG","10037176","True","2026-06-01T01:29:28"
"5 - Test/Media/Pic/D3/DSC_0367.JPG","5 - Test",".JPG","11181252","True","2026-06-01T01:29:28"
"5 - Test/Media/Pic/D3/DSC_0368.JPG","5 - Test",".JPG","9650029","False","2025-01-14T09:57:22"
"5 - Test/Media/Pic/D3/DSC_0369.JPG","5 - Test",".JPG","11058918","True","2026-06-01T01:29:28"
"5 - Test/Media/Pic/D3/DSC_0370.JPG","5 - Test",".JPG","10793037","True","2026-06-01T01:29:28"
"5 - Test/Media/Pic/D3/DSC_0371.JPG","5 - Test",".JPG","10795224","True","2026-06-01T01:29:28"
"5 - Test/Media/Pic/D3/DSC_0372.JPG","5 - Test",".JPG","10542334","True","2026-06-01T01:29:28"
"5 - Test/Media/Pic/D3/DSC_0373.JPG","5 - Test",".JPG","10803943","True","2026-06-01T01:29:28"
"5 - Test/Media/Pic/D4/DSC_0385.JPG","5 - Test",".JPG","10650768","True","2026-06-01T01:29:28"
"5 - Test/Media/Pic/D4/DSC_0386.JPG","5 - Test",".JPG","11283780","True","2026-06-01T01:29:28"
"5 - Test/Media/Pic/D4/DSC_0387.JPG","5 - Test",".JPG","11423591","True","2026-06-01T01:29:28"
"5 - Test/Media/Pic/D4/DSC_0388.JPG","5 - Test",".JPG","11417961","True","2026-06-01T01:29:28"
"5 - Test/Media/Pic/D4/DSC_0389.JPG","5 - Test",".JPG","10874145","True","2026-06-01T01:29:28"
"5 - Test/Media/Pic/D4/DSC_0390.JPG","5 - Test",".JPG","11652679","True","2026-06-01T01:29:28"
"5 - Test/Media/Pic/D4/DSC_0391.JPG","5 - Test",".JPG","10800822","True","2026-06-01T01:29:28"
"5 - Test/Media/Pic/D4/DSC_0392.JPG","5 - Test",".JPG","10747224","True","2026-06-01T01:29:28"
"5 - Test/Media/Pic/D4/DSC_0393.JPG","5 - Test",".JPG","10971270","True","2026-06-01T01:29:28"
"5 - Test/Media/Pic/D4/DSC_0394.JPG","5 - Test",".JPG","11385944","True","2026-06-01T01:29:28"
"5 - Test/Media/Pic/D4/DSC_0395.JPG","5 - Test",".JPG","11204935","True","2026-06-01T01:29:28"
"5 - Test/Media/Pic/D4/DSC_0396.JPG","5 - Test",".JPG","11277758","True","2026-06-01T01:29:28"
"5 - Test/Media/Pic/D4/DSC_0397.JPG","5 - Test",".JPG","11515019","True","2026-06-01T01:29:28"
"5 - Test/Media/Pic/D4/DSC_0398.JPG","5 - Test",".JPG","11456198","True","2026-06-01T01:29:28"
"5 - Test/Media/Pic/D4/DSC_0399.JPG","5 - Test",".JPG","12370070","True","2026-06-01T01:29:28"
"5 - Test/Media/Pic/D4/DSC_0400.JPG","5 - Test",".JPG","11399526","True","2026-06-01T01:29:28"
"5 - Test/Media/Pic/D4/DSC_0401.JPG","5 - Test",".JPG","11724811","True","2026-06-01T01:29:28"
"5 - Test/Media/Pic/D4/DSC_0402.JPG","5 - Test",".JPG","11950316","True","2026-06-01T01:29:28"
"5 - Test/Media/Pic/D4/DSC_0403.JPG","5 - Test",".JPG","12099780","True","2026-06-01T01:29:28"
"5 - Test/Media/Pic/D4/DSC_0404.JPG","5 - Test",".JPG","11832805","True","2026-06-01T01:29:28"
"5 - Test/Media/Pic/D4/DSC_0405.JPG","5 - Test",".JPG","13003368","True","2026-06-01T01:29:28"
"5 - Test/Media/Pic/D4/DSC_0406.JPG","5 - Test",".JPG","12242739","True","2026-06-01T01:29:28"
"5 - Test/Media/Pic/D4/DSC_0407.JPG","5 - Test",".JPG","12750673","True","2026-06-01T01:29:28"
"5 - Test/Media/Pic/D4/DSC_0408.JPG","5 - Test",".JPG","12308227","True","2026-06-01T01:29:28"
"5 - Test/Media/Pic/D4/DSC_0409.JPG","5 - Test",".JPG","12044206","True","2026-06-01T01:29:28"
"5 - Test/Media/Pic/D4/DSC_0410.JPG","5 - Test",".JPG","12471948","True","2026-06-01T01:29:28"
"5 - Test/Media/Pic/D4/DSC_0411.JPG","5 - Test",".JPG","11374866","True","2026-06-01T01:29:28"
"5 - Test/Media/Pic/D4/DSC_0412.JPG","5 - Test",".JPG","11141492","True","2026-06-01T01:29:28"
"5 - Test/Media/Pic/D4/DSC_0413.JPG","5 - Test",".JPG","11979373","True","2026-06-01T01:29:28"
"5 - Test/Media/Pic/D4/DSC_0414.JPG","5 - Test",".JPG","11870847","True","2026-06-01T01:29:28"
"5 - Test/Media/Pic/D4/DSC_0415.JPG","5 - Test",".JPG","11836154","True","2026-06-01T01:29:28"
"5 - Test/Media/Pic/D4/DSC_0416.JPG","5 - Test",".JPG","10025234","True","2026-06-01T01:29:28"
"5 - Test/Media/Pic/D4/DSC_0417.JPG","5 - Test",".JPG","12381948","True","2026-06-01T01:29:28"
"5 - Test/Media/Pic/D4/DSC_0418.JPG","5 - Test",".JPG","10118181","True","2026-06-01T01:29:28"
"5 - Test/Media/Pic/D4/DSC_0419.JPG","5 - Test",".JPG","10380491","True","2026-06-01T01:29:28"
"5 - Test/Media/Pic/D4/DSC_0420.JPG","5 - Test",".JPG","11957660","True","2026-06-01T01:29:28"
"5 - Test/Media/Pic/D4/DSC_0421.JPG","5 - Test",".JPG","11824874","True","2026-06-01T01:29:29"
"5 - Test/Media/Pic/D4/DSC_0422.JPG","5 - Test",".JPG","11094192","True","2026-06-01T01:29:29"
"5 - Test/Media/Pic/D4/DSC_0423.JPG","5 - Test",".JPG","10995458","True","2026-06-01T01:29:29"
"5 - Test/Media/Pic/D4/DSC_0424.JPG","5 - Test",".JPG","10086472","True","2026-06-01T01:29:29"
"5 - Test/Media/Pic/D4/DSC_0425.JPG","5 - Test",".JPG","10866087","True","2026-06-01T01:29:29"
"5 - Test/Media/Pic/D4/DSC_0426.JPG","5 - Test",".JPG","10817946","True","2026-06-01T01:29:29"
"5 - Test/Media/Pic/D4/DSC_0427.JPG","5 - Test",".JPG","10910598","True","2026-06-01T01:29:29"
"5 - Test/Media/Pic/D4/DSC_0428.JPG","5 - Test",".JPG","11402878","True","2026-06-01T01:29:29"
"5 - Test/Media/Pic/D4/DSC_0429.JPG","5 - Test",".JPG","11687490","True","2026-06-01T01:29:29"
"5 - Test/Media/Pic/D4/DSC_0430.JPG","5 - Test",".JPG","10338477","True","2026-06-01T01:29:29"
"5 - Test/Media/Pic/D4/DSC_0431.JPG","5 - Test",".JPG","12649828","True","2026-06-01T01:29:29"
"5 - Test/Media/Pic/D4/DSC_0432.JPG","5 - Test",".JPG","12477032","True","2026-06-01T01:29:29"
"5 - Test/Media/Pic/D4/DSC_0433.JPG","5 - Test",".JPG","12120922","True","2026-06-01T01:29:29"
"5 - Test/Media/Pic/D4/DSC_0434.JPG","5 - Test",".JPG","12409349","True","2026-06-01T01:29:29"
"5 - Test/Media/Pic/D5/DSC_0014.JPG","5 - Test",".JPG","10492862","True","2026-06-01T01:29:29"
"5 - Test/Media/Pic/D5/DSC_0015.JPG","5 - Test",".JPG","11406312","True","2026-06-01T01:29:29"
"5 - Test/Media/Pic/D5/DSC_0016.JPG","5 - Test",".JPG","10929015","True","2026-06-01T01:29:29"
"5 - Test/Media/Pic/D5/DSC_0017.JPG","5 - Test",".JPG","10353890","True","2026-06-01T01:29:29"
"5 - Test/Media/Pic/D5/DSC_0018.JPG","5 - Test",".JPG","10358234","True","2026-06-01T01:29:29"
"5 - Test/Media/Pic/D5/DSC_0019.JPG","5 - Test",".JPG","10661266","True","2026-06-01T01:29:29"
"5 - Test/Media/Pic/D5/DSC_0020.JPG","5 - Test",".JPG","9996120","False","2025-01-15T10:11:58"
"5 - Test/Media/Pic/D5/DSC_0021.JPG","5 - Test",".JPG","10763555","True","2026-06-01T01:29:29"
"5 - Test/Media/Pic/D5/DSC_0022.JPG","5 - Test",".JPG","10238294","True","2026-06-01T01:29:29"
"5 - Test/Media/Pic/D5/DSC_0023.JPG","5 - Test",".JPG","10013823","True","2026-06-01T01:29:29"
"5 - Test/Media/Pic/D5/DSC_0024.JPG","5 - Test",".JPG","10181080","True","2026-06-01T01:29:29"
"5 - Test/Media/Pic/D5/DSC_0025.JPG","5 - Test",".JPG","10050367","True","2026-06-01T01:29:29"
"5 - Test/Media/Pic/D5/DSC_0026.JPG","5 - Test",".JPG","11762965","True","2026-06-01T01:29:29"
"5 - Test/Media/Pic/D5/DSC_0027.JPG","5 - Test",".JPG","10062390","True","2026-06-01T01:29:29"
"5 - Test/Media/Pic/D5/DSC_0028.JPG","5 - Test",".JPG","9995127","False","2025-01-15T10:13:32"
"5 - Test/Media/Pic/D5/DSC_0029.JPG","5 - Test",".JPG","10693775","True","2026-06-01T01:29:29"
"5 - Test/Media/Pic/D5/DSC_0030.JPG","5 - Test",".JPG","10422679","True","2026-06-01T01:29:29"
"5 - Test/Media/Pic/D5/DSC_0031.JPG","5 - Test",".JPG","11439499","True","2026-06-01T01:29:29"
"5 - Test/Media/Pic/D5/DSC_0032.JPG","5 - Test",".JPG","11310317","True","2026-06-01T01:29:29"
"5 - Test/Media/Pic/D5/DSC_0033.JPG","5 - Test",".JPG","10891494","True","2026-06-01T01:29:29"
"5 - Test/Media/Pic/D5/DSC_0034.JPG","5 - Test",".JPG","10271994","True","2026-06-01T01:29:29"
"5 - Test/Media/Pic/D5/DSC_0035.JPG","5 - Test",".JPG","9223130","False","2025-01-15T10:23:30"
"5 - Test/Media/Pic/D5/DSC_0036.JPG","5 - Test",".JPG","9698158","False","2025-01-15T10:24:54"
"5 - Test/Media/Pic/D5/DSC_0038.JPG","5 - Test",".JPG","10196975","True","2026-06-01T01:29:29"
"5 - Test/Media/Pic/D5/DSC_0039.JPG","5 - Test",".JPG","9962827","False","2025-01-15T10:25:26"
"5 - Test/Media/Pic/D5/DSC_0040.JPG","5 - Test",".JPG","9528610","False","2025-01-15T10:31:58"
"5 - Test/Media/Pic/D5/DSC_0041.JPG","5 - Test",".JPG","9884532","False","2025-01-15T10:32:18"
"5 - Test/Media/Pic/D5/DSC_0042.JPG","5 - Test",".JPG","10612455","True","2026-06-01T01:29:29"
"5 - Test/Media/Pic/D5/DSC_0043.JPG","5 - Test",".JPG","10825129","True","2026-06-01T01:29:29"
"5 - Test/Media/Pic/D5/DSC_0044.JPG","5 - Test",".JPG","10353620","True","2026-06-01T01:29:29"
"5 - Test/Media/Pic/D5/DSC_0045.JPG","5 - Test",".JPG","10249147","True","2026-06-01T01:29:29"
"5 - Test/Media/Pic/D5/DSC_0046.JPG","5 - Test",".JPG","9990667","False","2025-01-15T10:46:18"
"5 - Test/Media/Pic/D5/DSC_0047.JPG","5 - Test",".JPG","9759774","False","2025-01-15T10:46:34"
"5 - Test/Media/Pic/D5/DSC_0048.JPG","5 - Test",".JPG","9879188","False","2025-01-15T10:46:52"
"5 - Test/Media/Pic/D5/DSC_0049.JPG","5 - Test",".JPG","9657807","False","2025-01-15T10:46:56"
"5 - Test/Media/Pic/D5/DSC_0050.JPG","5 - Test",".JPG","9880306","False","2025-01-15T10:47:02"
"5 - Test/Media/Pic/D5/DSC_0051.JPG","5 - Test",".JPG","10352186","True","2026-06-01T01:29:30"
"5 - Test/Media/Pic/D5/DSC_0052.JPG","5 - Test",".JPG","10486212","True","2026-06-01T01:29:30"
"5 - Test/Media/Pic/D5/DSC_0053.JPG","5 - Test",".JPG","10213009","True","2026-06-01T01:29:30"
"5 - Test/Media/Pic/D5/DSC_0054.JPG","5 - Test",".JPG","10504950","True","2026-06-01T01:29:30"
"5 - Test/Media/Pic/D5/DSC_0055.JPG","5 - Test",".JPG","9877826","False","2025-01-15T10:47:36"
"5 - Test/Media/Pic/D5/DSC_0056.JPG","5 - Test",".JPG","9997877","False","2025-01-15T10:47:50"
"5 - Test/Media/Pic/D5/DSC_0057.JPG","5 - Test",".JPG","10343075","True","2026-06-01T01:29:30"
"5 - Test/Media/Pic/D5/DSC_0058.JPG","5 - Test",".JPG","11801110","True","2026-06-01T01:29:30"
"5 - Test/Media/Pic/D5/DSC_0059.JPG","5 - Test",".JPG","12127060","True","2026-06-01T01:29:30"
"5 - Test/Media/Pic/D5/DSC_0060.JPG","5 - Test",".JPG","10769421","True","2026-06-01T01:29:30"
"5 - Test/Media/Pic/D5/DSC_0061.JPG","5 - Test",".JPG","10436405","True","2026-06-01T01:29:30"
"5 - Test/Media/Pic/D5/DSC_0062.JPG","5 - Test",".JPG","11668680","True","2026-06-01T01:29:30"
"5 - Test/Media/Pic/D5/DSC_0063.JPG","5 - Test",".JPG","11659804","True","2026-06-01T01:29:30"
"5 - Test/Media/Pic/D5/DSC_0064.JPG","5 - Test",".JPG","10876083","True","2026-06-01T01:29:30"
"5 - Test/Media/Pic/D5/DSC_0065.JPG","5 - Test",".JPG","10249475","True","2026-06-01T01:29:30"
"5 - Test/Media/Pic/D5/DSC_0066.JPG","5 - Test",".JPG","11382234","True","2026-06-01T01:29:30"
"5 - Test/Media/Pic/D5/DSC_0067.JPG","5 - Test",".JPG","10892851","True","2026-06-01T01:29:30"
"5 - Test/Media/Pic/D5/DSC_0068.JPG","5 - Test",".JPG","11316678","True","2026-06-01T01:29:30"
"5 - Test/Media/Pic/D5/DSC_0069.JPG","5 - Test",".JPG","11373029","True","2026-06-01T01:29:30"
"5 - Test/Media/Pic/D5/DSC_0070.JPG","5 - Test",".JPG","11584699","True","2026-06-01T01:29:30"
"5 - Test/Media/Pic/D5/DSC_0071.JPG","5 - Test",".JPG","10205640","True","2026-06-01T01:29:30"
"5 - Test/Media/Pic/D5/DSC_0072.JPG","5 - Test",".JPG","11023862","True","2026-06-01T01:29:30"
"5 - Test/Media/Pic/D5/DSC_0073.JPG","5 - Test",".JPG","10433591","True","2026-06-01T01:29:30"
"5 - Test/Media/Pic/D5/DSC_0074.JPG","5 - Test",".JPG","10566759","True","2026-06-01T01:29:30"
"5 - Test/Media/Pic/D5/DSC_0075.JPG","5 - Test",".JPG","10332043","True","2026-06-01T01:29:30"
"5 - Test/Media/Pic/D5/DSC_0076.JPG","5 - Test",".JPG","9689440","False","2025-01-15T11:06:20"
"5 - Test/Media/Pic/D5/DSC_0077.JPG","5 - Test",".JPG","10586389","True","2026-06-01T01:29:30"
"5 - Test/Media/Pic/D5/DSC_0078.JPG","5 - Test",".JPG","10132191","True","2026-06-01T01:29:30"
"5 - Test/Media/Pic/D5/DSC_0079.JPG","5 - Test",".JPG","10308458","True","2026-06-01T01:29:30"
"5 - Test/Media/Pic/D5/DSC_0080.JPG","5 - Test",".JPG","10313312","True","2026-06-01T01:29:30"
"5 - Test/Media/Pic/D6/DSC_0094.JPG","5 - Test",".JPG","10769972","True","2026-06-01T01:29:30"
"5 - Test/Media/Pic/D6/DSC_0095.JPG","5 - Test",".JPG","10850496","True","2026-06-01T01:29:30"
"5 - Test/Media/Pic/D6/DSC_0096.JPG","5 - Test",".JPG","10854858","True","2026-06-01T01:29:30"
"5 - Test/Media/Pic/D6/DSC_0097.JPG","5 - Test",".JPG","9909590","False","2025-01-15T13:44:56"
"5 - Test/Media/Pic/D6/DSC_0098.JPG","5 - Test",".JPG","10439677","True","2026-06-01T01:29:30"
"5 - Test/Media/Pic/D6/DSC_0099.JPG","5 - Test",".JPG","10493463","True","2026-06-01T01:29:30"
"5 - Test/Media/Pic/D6/DSC_0100.JPG","5 - Test",".JPG","11024287","True","2026-06-01T01:29:30"
"5 - Test/Media/Pic/D6/DSC_0101.JPG","5 - Test",".JPG","10515706","True","2026-06-01T01:29:30"
"5 - Test/Media/Pic/D6/DSC_0102.JPG","5 - Test",".JPG","10462885","True","2026-06-01T01:29:30"
"5 - Test/Media/Pic/D6/DSC_0103.JPG","5 - Test",".JPG","9748621","False","2025-01-15T13:46:50"
"5 - Test/Media/Pic/D6/DSC_0104.JPG","5 - Test",".JPG","10072485","True","2026-06-01T01:29:30"
"5 - Test/Media/Pic/D6/DSC_0105.JPG","5 - Test",".JPG","9276396","False","2025-01-15T13:47:20"
"5 - Test/Media/Pic/D6/DSC_0106.JPG","5 - Test",".JPG","9582179","False","2025-01-15T13:47:36"
"5 - Test/Media/Pic/D6/DSC_0107.JPG","5 - Test",".JPG","10117931","True","2026-06-01T01:29:30"
"5 - Test/Media/Pic/D6/DSC_0108.JPG","5 - Test",".JPG","11794689","True","2026-06-01T01:29:30"
"5 - Test/Media/Pic/D6/DSC_0109.JPG","5 - Test",".JPG","11247451","True","2026-06-01T01:29:30"
"5 - Test/Media/Pic/D6/DSC_0110.JPG","5 - Test",".JPG","9970187","False","2025-01-15T13:50:04"
"5 - Test/Media/Pic/D6/DSC_0111.JPG","5 - Test",".JPG","9640241","False","2025-01-15T13:50:14"
"5 - Test/Media/Pic/D6/DSC_0112.JPG","5 - Test",".JPG","10154610","True","2026-06-01T01:29:30"
"5 - Test/Media/Pic/D6/DSC_0113.JPG","5 - Test",".JPG","10811920","True","2026-06-01T01:29:30"
"5 - Test/Media/Pic/D6/DSC_0114.JPG","5 - Test",".JPG","10253618","True","2026-06-01T01:29:30"
"5 - Test/Media/Pic/D6/DSC_0116.JPG","5 - Test",".JPG","10646232","True","2026-06-01T01:29:30"
"5 - Test/Media/Pic/D6/DSC_0118.JPG","5 - Test",".JPG","10820284","True","2026-06-01T01:29:30"
"5 - Test/Media/Pic/D6/DSC_0119.JPG","5 - Test",".JPG","10377990","True","2026-06-01T01:29:31"
"5 - Test/Media/Pic/D6/DSC_0120.JPG","5 - Test",".JPG","11198576","True","2026-06-01T01:29:31"
"5 - Test/Media/Pic/D6/DSC_0122.JPG","5 - Test",".JPG","10907044","True","2026-06-01T01:29:31"
"5 - Test/Media/Pic/D6/DSC_0123.JPG","5 - Test",".JPG","9954041","False","2025-01-15T13:55:10"
"5 - Test/Media/Pic/D6/DSC_0124.JPG","5 - Test",".JPG","11177176","True","2026-06-01T01:29:31"
"5 - Test/Media/Pic/D6/DSC_0125.JPG","5 - Test",".JPG","10169915","True","2026-06-01T01:29:31"
"5 - Test/Media/Pic/D6/DSC_0126.JPG","5 - Test",".JPG","10311768","True","2026-06-01T01:29:31"
"5 - Test/Media/Pic/D6/DSC_0127.JPG","5 - Test",".JPG","10358496","True","2026-06-01T01:29:31"
"5 - Test/Media/Pic/D6/DSC_0128.JPG","5 - Test",".JPG","10564899","True","2026-06-01T01:29:31"
"5 - Test/Media/Pic/D6/DSC_0129.JPG","5 - Test",".JPG","9944084","False","2025-01-15T13:56:28"
"5 - Test/Media/Pic/D6/DSC_0130.JPG","5 - Test",".JPG","10288693","True","2026-06-01T01:29:31"
"5 - Test/Media/Pic/D6/DSC_0131.JPG","5 - Test",".JPG","11255447","True","2026-06-01T01:29:31"
"5 - Test/Media/Pic/D6/DSC_0132.JPG","5 - Test",".JPG","10475253","True","2026-06-01T01:29:31"
"5 - Test/Media/Pic/D6/DSC_0133.JPG","5 - Test",".JPG","10867216","True","2026-06-01T01:29:31"
"5 - Test/Media/Pic/D6/DSC_0134.JPG","5 - Test",".JPG","11785810","True","2026-06-01T01:29:31"
"5 - Test/Media/Pic/D6/DSC_0135.JPG","5 - Test",".JPG","10617407","True","2026-06-01T01:29:31"
"5 - Test/Media/Pic/D7/DSC_0136.JPG","5 - Test",".JPG","11391159","True","2026-06-01T01:29:31"
"5 - Test/Media/Pic/D7/DSC_0137.JPG","5 - Test",".JPG","10854226","True","2026-06-01T01:29:31"
"5 - Test/Media/Pic/D7/DSC_0138.JPG","5 - Test",".JPG","11471046","True","2026-06-01T01:29:31"
"5 - Test/Media/Pic/D7/DSC_0139.JPG","5 - Test",".JPG","10933397","True","2026-06-01T01:29:31"
"5 - Test/Media/Pic/D7/DSC_0140.JPG","5 - Test",".JPG","10838601","True","2026-06-01T01:29:31"
"5 - Test/Media/Pic/D7/DSC_0141.JPG","5 - Test",".JPG","10030889","True","2026-06-01T01:29:31"
"5 - Test/Media/Pic/D7/DSC_0142.JPG","5 - Test",".JPG","10973682","True","2026-06-01T01:29:31"
"5 - Test/Media/Pic/D7/DSC_0143.JPG","5 - Test",".JPG","10596217","True","2026-06-01T01:29:31"
"5 - Test/Media/Pic/D7/DSC_0144.JPG","5 - Test",".JPG","10226605","True","2026-06-01T01:29:31"
"5 - Test/Media/Pic/D7/DSC_0145.JPG","5 - Test",".JPG","10679476","True","2026-06-01T01:29:31"
"5 - Test/Media/Pic/D7/DSC_0146.JPG","5 - Test",".JPG","11316068","True","2026-06-01T01:29:31"
"5 - Test/Media/Pic/D7/DSC_0147.JPG","5 - Test",".JPG","11281593","True","2026-06-01T01:29:31"
"5 - Test/Media/Pic/D7/DSC_0148.JPG","5 - Test",".JPG","10974552","True","2026-06-01T01:29:31"
"5 - Test/Media/Pic/D7/DSC_0149.JPG","5 - Test",".JPG","11058695","True","2026-06-01T01:29:31"
"5 - Test/Media/Pic/D7/DSC_0150.JPG","5 - Test",".JPG","11861064","True","2026-06-01T01:29:31"
"5 - Test/Media/Pic/D7/DSC_0151.JPG","5 - Test",".JPG","11492696","True","2026-06-01T01:29:31"
"5 - Test/Media/Pic/D7/DSC_0152.JPG","5 - Test",".JPG","11113772","True","2026-06-01T01:29:31"
"5 - Test/Media/Pic/D7/DSC_0153.JPG","5 - Test",".JPG","11328499","True","2026-06-01T01:29:31"
"5 - Test/Media/Pic/D7/DSC_0154.JPG","5 - Test",".JPG","10858194","True","2026-06-01T01:29:31"
"5 - Test/Media/Pic/D7/DSC_0155.JPG","5 - Test",".JPG","11202458","True","2026-06-01T01:29:31"
"5 - Test/Media/Pic/D7/DSC_0156.JPG","5 - Test",".JPG","11585546","True","2026-06-01T01:29:31"
"5 - Test/Media/Pic/D7/DSC_0157.JPG","5 - Test",".JPG","12190415","True","2026-06-01T01:29:31"
"5 - Test/Media/Pic/D7/DSC_0158.JPG","5 - Test",".JPG","11235566","True","2026-06-01T01:29:31"
"5 - Test/Media/Pic/D7/DSC_0159.JPG","5 - Test",".JPG","11265857","True","2026-06-01T01:29:31"
"5 - Test/Media/Pic/D7/DSC_0160.JPG","5 - Test",".JPG","11770698","True","2026-06-01T01:29:32"
"5 - Test/Media/Pic/D7/DSC_0161.JPG","5 - Test",".JPG","11231906","True","2026-06-01T01:29:32"
"5 - Test/Media/Pic/D7/DSC_0163.JPG","5 - Test",".JPG","11764167","True","2026-06-01T01:29:32"
"5 - Test/Media/Pic/D7/DSC_0164.JPG","5 - Test",".JPG","11922865","True","2026-06-01T01:29:32"
"5 - Test/Media/Pic/D7/DSC_0165.JPG","5 - Test",".JPG","11155424","True","2026-06-01T01:29:32"
"5 - Test/Media/Pic/D7/DSC_0166.JPG","5 - Test",".JPG","11668053","True","2026-06-01T01:29:32"
"5 - Test/Media/Pic/D7/DSC_0167.JPG","5 - Test",".JPG","11098090","True","2026-06-01T01:29:32"
"5 - Test/Media/Pic/D7/DSC_0168.JPG","5 - Test",".JPG","10854293","True","2026-06-01T01:29:32"
"5 - Test/Media/Pic/D7/DSC_0169.JPG","5 - Test",".JPG","11187394","True","2026-06-01T01:29:32"
"5 - Test/Media/Pic/D7/DSC_0170.JPG","5 - Test",".JPG","10215180","True","2026-06-01T01:29:32"
"5 - Test/Media/Pic/D7/DSC_0171.JPG","5 - Test",".JPG","10199258","True","2026-06-01T01:29:32"
"5 - Test/Media/Pic/D7/DSC_0172.JPG","5 - Test",".JPG","9589498","False","2025-01-16T11:56:06"
"5 - Test/Media/Pic/D7/DSC_0173.JPG","5 - Test",".JPG","10085050","True","2026-06-01T01:29:32"
"5 - Test/Media/Pic/D7/DSC_0174.JPG","5 - Test",".JPG","9851651","False","2025-01-16T11:56:30"
"5 - Test/Media/Pic/D7/DSC_0175.JPG","5 - Test",".JPG","10131332","True","2026-06-01T01:29:32"
"5 - Test/Media/Pic/D7/DSC_0176.JPG","5 - Test",".JPG","10275867","True","2026-06-01T01:29:32"
"5 - Test/Media/Pic/D7/DSC_0177.JPG","5 - Test",".JPG","9986377","False","2025-01-16T11:56:58"
"5 - Test/Media/Pic/D7/DSC_0178.JPG","5 - Test",".JPG","10455623","True","2026-06-01T01:29:32"
"5 - Test/Media/Pic/D7/DSC_0179.JPG","5 - Test",".JPG","10135473","True","2026-06-01T01:29:32"
"5 - Test/Media/Pic/D7/DSC_0180.JPG","5 - Test",".JPG","10901300","True","2026-06-01T01:29:32"
"5 - Test/Media/Pic/D7/DSC_0181.JPG","5 - Test",".JPG","10237056","True","2026-06-01T01:29:32"
"5 - Test/Media/Pic/D7/DSC_0182.JPG","5 - Test",".JPG","11189167","True","2026-06-01T01:29:32"
"5 - Test/Media/Pic/D7/DSC_0183.JPG","5 - Test",".JPG","10655295","True","2026-06-01T01:29:32"
"5 - Test/Media/Pic/D7/DSC_0184.JPG","5 - Test",".JPG","10360264","True","2026-06-01T01:29:32"
"5 - Test/Media/Pic/D7/DSC_0185.JPG","5 - Test",".JPG","10711192","True","2026-06-01T01:29:32"
"5 - Test/Media/Pic/D7/DSC_0186.JPG","5 - Test",".JPG","11538154","True","2026-06-01T01:29:32"
"5 - Test/Media/Pic/D7/DSC_0187.JPG","5 - Test",".JPG","11608157","True","2026-06-01T01:29:32"
"5 - Test/Media/Pic/D7/DSC_0188.JPG","5 - Test",".JPG","11038897","True","2026-06-01T01:29:32"
"5 - Test/Media/Pic/D7/DSC_0189.JPG","5 - Test",".JPG","11385793","True","2026-06-01T01:29:32"
"5 - Test/Media/Pic/D7/DSC_0190.JPG","5 - Test",".JPG","11181779","True","2026-06-01T01:29:32"
"5 - Test/Media/Pic/D7/DSC_0191.JPG","5 - Test",".JPG","10444644","True","2026-06-01T01:29:32"
"5 - Test/Media/Pic/D7/DSC_0192.JPG","5 - Test",".JPG","10687802","True","2026-06-01T01:29:32"
"5 - Test/Media/Pic/D7/DSC_0193.JPG","5 - Test",".JPG","11052875","True","2026-06-01T01:29:32"
"5 - Test/Media/Pic/D9/DSC_0217.JPG","5 - Test",".JPG","12419359","True","2026-06-01T01:29:32"
"5 - Test/Media/Pic/D9/DSC_0218.JPG","5 - Test",".JPG","12442263","True","2026-06-01T01:29:32"
"5 - Test/Media/Pic/D9/DSC_0219.JPG","5 - Test",".JPG","12553214","True","2026-06-01T01:29:32"
"5 - Test/Media/Pic/D9/DSC_0220.JPG","5 - Test",".JPG","12727517","True","2026-06-01T01:29:32"
"5 - Test/Media/Pic/D9/DSC_0221.JPG","5 - Test",".JPG","12644923","True","2026-06-01T01:29:32"
"5 - Test/Media/Pic/D9/DSC_0222.JPG","5 - Test",".JPG","12754087","True","2026-06-01T01:29:32"
"5 - Test/Media/Pic/D9/DSC_0223.JPG","5 - Test",".JPG","11478476","True","2026-06-01T01:29:32"
"5 - Test/Media/Pic/D9/DSC_0224.JPG","5 - Test",".JPG","11743633","True","2026-06-01T01:29:32"
"5 - Test/Media/Pic/D9/DSC_0225.JPG","5 - Test",".JPG","12667007","True","2026-06-01T01:29:32"
"5 - Test/Media/Pic/D9/DSC_0226.JPG","5 - Test",".JPG","12762669","True","2026-06-01T01:29:32"
"5 - Test/Media/Pic/D9/DSC_0227.JPG","5 - Test",".JPG","12243679","True","2026-06-01T01:29:32"
"5 - Test/Media/Pic/D9/DSC_0228.JPG","5 - Test",".JPG","12010402","True","2026-06-01T01:29:32"
"5 - Test/Media/Pic/D9/DSC_0229.JPG","5 - Test",".JPG","11832919","True","2026-06-01T01:29:32"
"5 - Test/Media/Pic/D9/DSC_0230.JPG","5 - Test",".JPG","11081441","True","2026-06-01T01:29:32"
"5 - Test/Media/Pic/D9/DSC_0231.JPG","5 - Test",".JPG","10974786","True","2026-06-01T01:29:32"
"5 - Test/Media/Pic/D9/DSC_0232.JPG","5 - Test",".JPG","11331844","True","2026-06-01T01:29:32"
"5 - Test/Media/Pic/D9/DSC_0233.JPG","5 - Test",".JPG","11538908","True","2026-06-01T01:29:32"
"5 - Test/Media/Pic/D9/DSC_0234.JPG","5 - Test",".JPG","11344277","True","2026-06-01T01:29:32"
"5 - Test/Media/Pic/D9/DSC_0235.JPG","5 - Test",".JPG","11397853","True","2026-06-01T01:29:32"
"5 - Test/Media/Pic/D9/DSC_0236.JPG","5 - Test",".JPG","11486218","True","2026-06-01T01:29:32"
"5 - Test/Media/Pic/D9/DSC_0237.JPG","5 - Test",".JPG","11169226","True","2026-06-01T01:29:32"
"5 - Test/Media/Pic/D9/DSC_0238.JPG","5 - Test",".JPG","11443190","True","2026-06-01T01:29:32"
"5 - Test/Media/Pic/D9/DSC_0239.JPG","5 - Test",".JPG","11097205","True","2026-06-01T01:29:32"
"5 - Test/Media/Pic/D9/DSC_0240.JPG","5 - Test",".JPG","11807245","True","2026-06-01T01:29:33"
"5 - Test/Media/Pic/D9/DSC_0241.JPG","5 - Test",".JPG","11584985","True","2026-06-01T01:29:33"
"5 - Test/Media/Pic/D9/DSC_0242.JPG","5 - Test",".JPG","11367290","True","2026-06-01T01:29:33"
"5 - Test/Media/Pic/D9/DSC_0243.JPG","5 - Test",".JPG","11598982","True","2026-06-01T01:29:33"
"5 - Test/Media/Pic/D9/DSC_0244.JPG","5 - Test",".JPG","12655804","True","2026-06-01T01:29:33"
"5 - Test/Media/Pic/D9/DSC_0245.JPG","5 - Test",".JPG","11999079","True","2026-06-01T01:29:33"
"5 - Test/Media/Pic/D9/DSC_0246.JPG","5 - Test",".JPG","12582490","True","2026-06-01T01:29:33"
"5 - Test/Media/Pic/D9/DSC_0247.JPG","5 - Test",".JPG","12248947","True","2026-06-01T01:29:33"
"5 - Test/Media/Pic/D9/DSC_0248.JPG","5 - Test",".JPG","11901675","True","2026-06-01T01:29:33"
"5 - Test/Media/Video/1 - Overview_NE/1_3.mp4","5 - Test",".mp4","33063739","True","2026-06-01T01:29:44"
"5 - Test/Media/Video/1 - Overview_NE/10_3.mp4","5 - Test",".mp4","49446655","True","2026-06-01T01:29:33"
"5 - Test/Media/Video/1 - Overview_NE/100_3.mp4","5 - Test",".mp4","36012761","True","2026-06-01T01:29:33"
"5 - Test/Media/Video/1 - Overview_NE/101_3.mp4","5 - Test",".mp4","33009473","True","2026-06-01T01:29:33"
"5 - Test/Media/Video/1 - Overview_NE/102_3.mp4","5 - Test",".mp4","58608641","True","2026-06-01T01:29:33"
"5 - Test/Media/Video/1 - Overview_NE/103_3.mp4","5 - Test",".mp4","49356909","True","2026-06-01T01:29:33"
"5 - Test/Media/Video/1 - Overview_NE/104_3.mp4","5 - Test",".mp4","26186474","True","2026-06-01T01:29:33"
"5 - Test/Media/Video/1 - Overview_NE/105_3.mp4","5 - Test",".mp4","27298829","True","2026-06-01T01:29:33"
"5 - Test/Media/Video/1 - Overview_NE/106_3.mp4","5 - Test",".mp4","33924475","True","2026-06-01T01:29:33"
"5 - Test/Media/Video/1 - Overview_NE/107_3.mp4","5 - Test",".mp4","48406368","True","2026-06-01T01:29:33"
"5 - Test/Media/Video/1 - Overview_NE/108_3.mp4","5 - Test",".mp4","28836031","True","2026-06-01T01:29:33"
"5 - Test/Media/Video/1 - Overview_NE/109_3.mp4","5 - Test",".mp4","26275553","True","2026-06-01T01:29:33"
"5 - Test/Media/Video/1 - Overview_NE/11_3.mp4","5 - Test",".mp4","34544917","True","2026-06-01T01:29:38"
"5 - Test/Media/Video/1 - Overview_NE/110_3.mp4","5 - Test",".mp4","27527436","True","2026-06-01T01:29:33"
"5 - Test/Media/Video/1 - Overview_NE/111_3.mp4","5 - Test",".mp4","25989041","True","2026-06-01T01:29:36"
"5 - Test/Media/Video/1 - Overview_NE/112_3.mp4","5 - Test",".mp4","29065646","True","2026-06-01T01:29:36"
"5 - Test/Media/Video/1 - Overview_NE/113_3.mp4","5 - Test",".mp4","30679299","True","2026-06-01T01:29:36"
"5 - Test/Media/Video/1 - Overview_NE/114_3.mp4","5 - Test",".mp4","27761056","True","2026-06-01T01:29:37"
"5 - Test/Media/Video/1 - Overview_NE/115_3.mp4","5 - Test",".mp4","29046643","True","2026-06-01T01:29:37"
"5 - Test/Media/Video/1 - Overview_NE/116_3.mp4","5 - Test",".mp4","34601575","True","2026-06-01T01:29:37"
"5 - Test/Media/Video/1 - Overview_NE/117_3.mp4","5 - Test",".mp4","29636869","True","2026-06-01T01:29:38"
"5 - Test/Media/Video/1 - Overview_NE/118_3.mp4","5 - Test",".mp4","35133132","True","2026-06-01T01:29:38"
"5 - Test/Media/Video/1 - Overview_NE/119_3.mp4","5 - Test",".mp4","41608989","True","2026-06-01T01:29:38"
"5 - Test/Media/Video/1 - Overview_NE/12_3.mp4","5 - Test",".mp4","37316640","True","2026-06-01T01:29:40"
"5 - Test/Media/Video/1 - Overview_NE/120_3.mp4","5 - Test",".mp4","39011010","True","2026-06-01T01:29:38"
"5 - Test/Media/Video/1 - Overview_NE/122_3.mp4","5 - Test",".mp4","45218564","True","2026-06-01T01:29:39"
"5 - Test/Media/Video/1 - Overview_NE/123_3.mp4","5 - Test",".mp4","30450193","True","2026-06-01T01:29:39"
"5 - Test/Media/Video/1 - Overview_NE/124_3.mp4","5 - Test",".mp4","38487413","True","2026-06-01T01:29:39"
"5 - Test/Media/Video/1 - Overview_NE/125_3.mp4","5 - Test",".mp4","41130678","True","2026-06-01T01:29:39"
"5 - Test/Media/Video/1 - Overview_NE/126_3.mp4","5 - Test",".mp4","30089361","True","2026-06-01T01:29:39"
"5 - Test/Media/Video/1 - Overview_NE/127_3.mp4","5 - Test",".mp4","32405626","True","2026-06-01T01:29:39"
"5 - Test/Media/Video/1 - Overview_NE/128_3.mp4","5 - Test",".mp4","39613689","True","2026-06-01T01:29:39"
"5 - Test/Media/Video/1 - Overview_NE/129_3.mp4","5 - Test",".mp4","39123559","True","2026-06-01T01:29:40"
"5 - Test/Media/Video/1 - Overview_NE/13_3.mp4","5 - Test",".mp4","33806882","True","2026-06-01T01:29:41"
"5 - Test/Media/Video/1 - Overview_NE/130_3.mp4","5 - Test",".mp4","35527803","True","2026-06-01T01:29:40"
"5 - Test/Media/Video/1 - Overview_NE/131_3.mp4","5 - Test",".mp4","34229774","True","2026-06-01T01:29:40"
"5 - Test/Media/Video/1 - Overview_NE/132_3.mp4","5 - Test",".mp4","47257829","True","2026-06-01T01:29:41"
"5 - Test/Media/Video/1 - Overview_NE/14_3.mp4","5 - Test",".mp4","30904519","True","2026-06-01T01:29:41"
"5 - Test/Media/Video/1 - Overview_NE/15_3.mp4","5 - Test",".mp4","37274200","True","2026-06-01T01:29:41"
"5 - Test/Media/Video/1 - Overview_NE/16_3.mp4","5 - Test",".mp4","37329478","True","2026-06-01T01:29:43"
"5 - Test/Media/Video/1 - Overview_NE/17_3.mp4","5 - Test",".mp4","34036054","True","2026-06-01T01:29:43"
"5 - Test/Media/Video/1 - Overview_NE/18_3.mp4","5 - Test",".mp4","34360477","True","2026-06-01T01:29:43"
"5 - Test/Media/Video/1 - Overview_NE/19_3.mp4","5 - Test",".mp4","44200407","True","2026-06-01T01:29:43"
"5 - Test/Media/Video/1 - Overview_NE/2_3.mp4","5 - Test",".mp4","31107957","True","2026-06-01T01:29:47"
"5 - Test/Media/Video/1 - Overview_NE/20_3.mp4","5 - Test",".mp4","46932760","True","2026-06-01T01:29:44"
"5 - Test/Media/Video/1 - Overview_NE/21_3.mp4","5 - Test",".mp4","44868041","True","2026-06-01T01:29:44"
"5 - Test/Media/Video/1 - Overview_NE/22_3.mp4","5 - Test",".mp4","39173885","True","2026-06-01T01:29:44"
"5 - Test/Media/Video/1 - Overview_NE/23_3.mp4","5 - Test",".mp4","28201731","True","2026-06-01T01:29:44"
"5 - Test/Media/Video/1 - Overview_NE/24_3.mp4","5 - Test",".mp4","29570691","True","2026-06-01T01:29:45"
"5 - Test/Media/Video/1 - Overview_NE/25_3.mp4","5 - Test",".mp4","44987550","True","2026-06-01T01:29:45"
"5 - Test/Media/Video/1 - Overview_NE/26_3.mp4","5 - Test",".mp4","51720208","True","2026-06-01T01:29:45"
"5 - Test/Media/Video/1 - Overview_NE/27_3.mp4","5 - Test",".mp4","44929242","True","2026-06-01T01:29:46"
"5 - Test/Media/Video/1 - Overview_NE/28_3.mp4","5 - Test",".mp4","44494585","True","2026-06-01T01:29:46"
"5 - Test/Media/Video/1 - Overview_NE/29_3.mp4","5 - Test",".mp4","51045004","True","2026-06-01T01:29:46"
"5 - Test/Media/Video/1 - Overview_NE/3_3.mp4","5 - Test",".mp4","50585159","True","2026-06-01T01:29:50"
"5 - Test/Media/Video/1 - Overview_NE/30_3.mp4","5 - Test",".mp4","30259659","True","2026-06-01T01:29:47"
"5 - Test/Media/Video/1 - Overview_NE/31_3.mp4","5 - Test",".mp4","37041578","True","2026-06-01T01:29:47"
"5 - Test/Media/Video/1 - Overview_NE/32_3.mp4","5 - Test",".mp4","70862441","True","2026-06-01T01:29:48"
"5 - Test/Media/Video/1 - Overview_NE/33_3.mp4","5 - Test",".mp4","57781522","True","2026-06-01T01:29:48"
"5 - Test/Media/Video/1 - Overview_NE/34_3.mp4","5 - Test",".mp4","35291648","True","2026-06-01T01:29:49"
"5 - Test/Media/Video/1 - Overview_NE/35_3.mp4","5 - Test",".mp4","43489799","True","2026-06-01T01:29:49"
"5 - Test/Media/Video/1 - Overview_NE/36_3.mp4","5 - Test",".mp4","51434760","True","2026-06-01T01:29:49"
"5 - Test/Media/Video/1 - Overview_NE/37_3.mp4","5 - Test",".mp4","29837992","True","2026-06-01T01:29:49"
"5 - Test/Media/Video/1 - Overview_NE/38_3.mp4","5 - Test",".mp4","32532257","True","2026-06-01T01:29:49"
"5 - Test/Media/Video/1 - Overview_NE/39_3.mp4","5 - Test",".mp4","32374817","True","2026-06-01T01:29:49"
"5 - Test/Media/Video/1 - Overview_NE/4_3.mp4","5 - Test",".mp4","41334984","True","2026-06-01T01:29:52"
"5 - Test/Media/Video/1 - Overview_NE/40_3.mp4","5 - Test",".mp4","27864409","True","2026-06-01T01:29:50"
"5 - Test/Media/Video/1 - Overview_NE/41_3.mp4","5 - Test",".mp4","33070238","True","2026-06-01T01:29:50"
"5 - Test/Media/Video/1 - Overview_NE/42_3.mp4","5 - Test",".mp4","32269461","True","2026-06-01T01:29:50"
"5 - Test/Media/Video/1 - Overview_NE/43_3.mp4","5 - Test",".mp4","31937726","True","2026-06-01T01:29:51"
"5 - Test/Media/Video/1 - Overview_NE/44_3.mp4","5 - Test",".mp4","33399700","True","2026-06-01T01:29:51"
"5 - Test/Media/Video/1 - Overview_NE/45_3.mp4","5 - Test",".mp4","27697070","True","2026-06-01T01:29:51"
"5 - Test/Media/Video/1 - Overview_NE/46_3.mp4","5 - Test",".mp4","28215091","True","2026-06-01T01:29:51"
"5 - Test/Media/Video/1 - Overview_NE/47_3.mp4","5 - Test",".mp4","27136922","True","2026-06-01T01:29:52"
"5 - Test/Media/Video/1 - Overview_NE/48_3.mp4","5 - Test",".mp4","32769517","True","2026-06-01T01:29:52"
"5 - Test/Media/Video/1 - Overview_NE/49_3.mp4","5 - Test",".mp4","40623950","True","2026-06-01T01:29:52"
"5 - Test/Media/Video/1 - Overview_NE/5_3.mp4","5 - Test",".mp4","38705819","True","2026-06-01T01:29:56"
"5 - Test/Media/Video/1 - Overview_NE/50_3.mp4","5 - Test",".mp4","44347848","True","2026-06-01T01:29:53"
"5 - Test/Media/Video/1 - Overview_NE/51_3.mp4","5 - Test",".mp4","28519739","True","2026-06-01T01:29:54"
"5 - Test/Media/Video/1 - Overview_NE/52_3.mp4","5 - Test",".mp4","28526967","True","2026-06-01T01:29:54"
"5 - Test/Media/Video/1 - Overview_NE/53_3.mp4","5 - Test",".mp4","30419537","True","2026-06-01T01:29:54"
"5 - Test/Media/Video/1 - Overview_NE/54_3.mp4","5 - Test",".mp4","31636778","True","2026-06-01T01:29:55"
"5 - Test/Media/Video/1 - Overview_NE/55_3.mp4","5 - Test",".mp4","31805267","True","2026-06-01T01:29:55"
"5 - Test/Media/Video/1 - Overview_NE/56_3.mp4","5 - Test",".mp4","32455663","True","2026-06-01T01:29:55"
"5 - Test/Media/Video/1 - Overview_NE/57_3.mp4","5 - Test",".mp4","45690082","True","2026-06-01T01:29:55"
"5 - Test/Media/Video/1 - Overview_NE/58_3.mp4","5 - Test",".mp4","27780382","True","2026-06-01T01:29:55"
"5 - Test/Media/Video/1 - Overview_NE/59_3.mp4","5 - Test",".mp4","33525690","True","2026-06-01T01:29:55"
"5 - Test/Media/Video/1 - Overview_NE/6_3.mp4","5 - Test",".mp4","60695675","True","2026-06-01T01:30:00"
"5 - Test/Media/Video/1 - Overview_NE/60_3.mp4","5 - Test",".mp4","34191090","True","2026-06-01T01:29:56"
"5 - Test/Media/Video/1 - Overview_NE/61_3.mp4","5 - Test",".mp4","36880832","True","2026-06-01T01:29:56"
"5 - Test/Media/Video/1 - Overview_NE/62_3.mp4","5 - Test",".mp4","32929495","True","2026-06-01T01:29:57"
"5 - Test/Media/Video/1 - Overview_NE/63_3.mp4","5 - Test",".mp4","33335536","True","2026-06-01T01:29:57"
"5 - Test/Media/Video/1 - Overview_NE/64_3.mp4","5 - Test",".mp4","45010229","True","2026-06-01T01:29:58"
"5 - Test/Media/Video/1 - Overview_NE/65_3.mp4","5 - Test",".mp4","27540151","True","2026-06-01T01:29:58"
"5 - Test/Media/Video/1 - Overview_NE/66_3.mp4","5 - Test",".mp4","28398929","True","2026-06-01T01:29:58"
"5 - Test/Media/Video/1 - Overview_NE/67_3.mp4","5 - Test",".mp4","27135914","True","2026-06-01T01:29:58"
"5 - Test/Media/Video/1 - Overview_NE/68_3.mp4","5 - Test",".mp4","24575443","True","2026-06-01T01:29:58"
"5 - Test/Media/Video/1 - Overview_NE/69_3.mp4","5 - Test",".mp4","27655218","True","2026-06-01T01:29:58"
"5 - Test/Media/Video/1 - Overview_NE/7_3.mp4","5 - Test",".mp4","31770119","True","2026-06-01T01:30:07"
"5 - Test/Media/Video/1 - Overview_NE/70_3.mp4","5 - Test",".mp4","28698430","True","2026-06-01T01:30:00"
"5 - Test/Media/Video/1 - Overview_NE/71_3.mp4","5 - Test",".mp4","33078860","True","2026-06-01T01:30:00"
"5 - Test/Media/Video/1 - Overview_NE/72_3.mp4","5 - Test",".mp4","28032517","True","2026-06-01T01:30:00"
"5 - Test/Media/Video/1 - Overview_NE/73_3.mp4","5 - Test",".mp4","27692182","True","2026-06-01T01:30:06"
"5 - Test/Media/Video/1 - Overview_NE/74_3.mp4","5 - Test",".mp4","30852603","True","2026-06-01T01:30:06"
"5 - Test/Media/Video/1 - Overview_NE/75_3.mp4","5 - Test",".mp4","28744727","True","2026-06-01T01:30:06"
"5 - Test/Media/Video/1 - Overview_NE/76_3.mp4","5 - Test",".mp4","30360819","True","2026-06-01T01:30:06"
"5 - Test/Media/Video/1 - Overview_NE/77_3.mp4","5 - Test",".mp4","48922869","True","2026-06-01T01:30:06"
"5 - Test/Media/Video/1 - Overview_NE/78_3.mp4","5 - Test",".mp4","43456649","True","2026-06-01T01:30:07"
"5 - Test/Media/Video/1 - Overview_NE/79_3.mp4","5 - Test",".mp4","30921660","True","2026-06-01T01:30:07"
"5 - Test/Media/Video/1 - Overview_NE/8_3.mp4","5 - Test",".mp4","27525805","True","2026-06-01T01:30:07"
"5 - Test/Media/Video/1 - Overview_NE/80_3.mp4","5 - Test",".mp4","32368230","True","2026-06-01T01:30:07"
"5 - Test/Media/Video/1 - Overview_NE/81_3.mp4","5 - Test",".mp4","30213680","True","2026-06-01T01:30:07"
"5 - Test/Media/Video/1 - Overview_NE/82_3.mp4","5 - Test",".mp4","36305000","True","2026-06-01T01:30:07"
"5 - Test/Media/Video/1 - Overview_NE/83_3.mp4","5 - Test",".mp4","30731243","True","2026-06-01T01:30:07"
"5 - Test/Media/Video/1 - Overview_NE/84_3.mp4","5 - Test",".mp4","95105845","True","2026-06-01T01:30:07"
"5 - Test/Media/Video/1 - Overview_NE/85_3.mp4","5 - Test",".mp4","26453481","True","2026-06-01T01:30:07"
"5 - Test/Media/Video/1 - Overview_NE/86_3.mp4","5 - Test",".mp4","33112110","True","2026-06-01T01:30:07"
"5 - Test/Media/Video/1 - Overview_NE/87_3.mp4","5 - Test",".mp4","35359324","True","2026-06-01T01:30:07"
"5 - Test/Media/Video/1 - Overview_NE/88_3.mp4","5 - Test",".mp4","35989035","True","2026-06-01T01:30:07"
"5 - Test/Media/Video/1 - Overview_NE/89_3.mp4","5 - Test",".mp4","32036975","True","2026-06-01T01:30:07"
"5 - Test/Media/Video/1 - Overview_NE/9_3.mp4","5 - Test",".mp4","38486976","True","2026-06-01T01:30:07"
"5 - Test/Media/Video/1 - Overview_NE/90_3.mp4","5 - Test",".mp4","29468725","True","2026-06-01T01:30:07"
"5 - Test/Media/Video/1 - Overview_NE/91_3.mp4","5 - Test",".mp4","31738069","True","2026-06-01T01:30:07"
"5 - Test/Media/Video/1 - Overview_NE/93_3.mp4","5 - Test",".mp4","42105550","True","2026-06-01T01:30:07"
"5 - Test/Media/Video/1 - Overview_NE/94_3.mp4","5 - Test",".mp4","41291986","True","2026-06-01T01:30:07"
"5 - Test/Media/Video/1 - Overview_NE/95_3.mp4","5 - Test",".mp4","24336992","True","2026-06-01T01:30:07"
"5 - Test/Media/Video/1 - Overview_NE/96_3.mp4","5 - Test",".mp4","27457273","True","2026-06-01T01:30:07"
"5 - Test/Media/Video/1 - Overview_NE/97_3.mp4","5 - Test",".mp4","33745256","True","2026-06-01T01:30:07"
"5 - Test/Media/Video/1 - Overview_NE/98_3.mp4","5 - Test",".mp4","29476296","True","2026-06-01T01:30:07"
"5 - Test/Media/Video/1 - Overview_NE/99_3.mp4","5 - Test",".mp4","31675076","True","2026-06-01T01:30:07"
"5 - Test/Media/Video/2 - Overview_W/1_1.mp4","5 - Test",".mp4","32934065","True","2026-06-01T01:30:20"
"5 - Test/Media/Video/2 - Overview_W/10_1.mp4","5 - Test",".mp4","48081318","True","2026-06-01T01:30:11"
"5 - Test/Media/Video/2 - Overview_W/100_1.mp4","5 - Test",".mp4","35359741","True","2026-06-01T01:30:07"
"5 - Test/Media/Video/2 - Overview_W/101_1.mp4","5 - Test",".mp4","33129194","True","2026-06-01T01:30:07"
"5 - Test/Media/Video/2 - Overview_W/102_1.mp4","5 - Test",".mp4","57490438","True","2026-06-01T01:30:07"
"5 - Test/Media/Video/2 - Overview_W/103_1.mp4","5 - Test",".mp4","49499857","True","2026-06-01T01:30:08"
"5 - Test/Media/Video/2 - Overview_W/104_1.mp4","5 - Test",".mp4","26293663","True","2026-06-01T01:30:08"
"5 - Test/Media/Video/2 - Overview_W/105_1.mp4","5 - Test",".mp4","27696773","True","2026-06-01T01:30:08"
"5 - Test/Media/Video/2 - Overview_W/106_1.mp4","5 - Test",".mp4","34020182","True","2026-06-01T01:30:09"
"5 - Test/Media/Video/2 - Overview_W/107_1.mp4","5 - Test",".mp4","51800188","True","2026-06-01T01:30:09"
"5 - Test/Media/Video/2 - Overview_W/108_1.mp4","5 - Test",".mp4","28368344","True","2026-06-01T01:30:09"
"5 - Test/Media/Video/2 - Overview_W/109_1.mp4","5 - Test",".mp4","26016625","True","2026-06-01T01:30:10"
"5 - Test/Media/Video/2 - Overview_W/11_1.mp4","5 - Test",".mp4","37334731","True","2026-06-01T01:30:13"
"5 - Test/Media/Video/2 - Overview_W/110_1.mp4","5 - Test",".mp4","26740239","True","2026-06-01T01:30:11"
"5 - Test/Media/Video/2 - Overview_W/111_1.mp4","5 - Test",".mp4","25985691","True","2026-06-01T01:30:11"
"5 - Test/Media/Video/2 - Overview_W/112_1.mp4","5 - Test",".mp4","29005322","True","2026-06-01T01:30:11"
"5 - Test/Media/Video/2 - Overview_W/113_1.mp4","5 - Test",".mp4","30813319","True","2026-06-01T01:30:12"
"5 - Test/Media/Video/2 - Overview_W/114_1.mp4","5 - Test",".mp4","27006154","True","2026-06-01T01:30:12"
"5 - Test/Media/Video/2 - Overview_W/115_1.mp4","5 - Test",".mp4","28808200","True","2026-06-01T01:30:12"
"5 - Test/Media/Video/2 - Overview_W/116_1.mp4","5 - Test",".mp4","34733290","True","2026-06-01T01:30:12"
"5 - Test/Media/Video/2 - Overview_W/117_1.mp4","5 - Test",".mp4","28999933","True","2026-06-01T01:30:12"
"5 - Test/Media/Video/2 - Overview_W/118_1.mp4","5 - Test",".mp4","35030287","True","2026-06-01T01:30:12"
"5 - Test/Media/Video/2 - Overview_W/119_1.mp4","5 - Test",".mp4","41864866","True","2026-06-01T01:30:13"
"5 - Test/Media/Video/2 - Overview_W/12_1.mp4","5 - Test",".mp4","37437904","True","2026-06-01T01:30:16"
"5 - Test/Media/Video/2 - Overview_W/120_1.mp4","5 - Test",".mp4","39147997","True","2026-06-01T01:30:13"
"5 - Test/Media/Video/2 - Overview_W/122_1.mp4","5 - Test",".mp4","44468818","True","2026-06-01T01:30:14"
"5 - Test/Media/Video/2 - Overview_W/123_1.mp4","5 - Test",".mp4","30443713","True","2026-06-01T01:30:15"
"5 - Test/Media/Video/2 - Overview_W/124_1.mp4","5 - Test",".mp4","38158566","True","2026-06-01T01:30:15"
"5 - Test/Media/Video/2 - Overview_W/125_1.mp4","5 - Test",".mp4","39836472","True","2026-06-01T01:30:15"
"5 - Test/Media/Video/2 - Overview_W/126_1.mp4","5 - Test",".mp4","29654380","True","2026-06-01T01:30:15"
"5 - Test/Media/Video/2 - Overview_W/127_1.mp4","5 - Test",".mp4","32808841","True","2026-06-01T01:30:15"
"5 - Test/Media/Video/2 - Overview_W/128_1.mp4","5 - Test",".mp4","39148398","True","2026-06-01T01:30:16"
"5 - Test/Media/Video/2 - Overview_W/129_1.mp4","5 - Test",".mp4","39812518","True","2026-06-01T01:30:16"
"5 - Test/Media/Video/2 - Overview_W/13_1.mp4","5 - Test",".mp4","33530049","True","2026-06-01T01:30:18"
"5 - Test/Media/Video/2 - Overview_W/130_1.mp4","5 - Test",".mp4","35470920","True","2026-06-01T01:30:16"
"5 - Test/Media/Video/2 - Overview_W/131_1.mp4","5 - Test",".mp4","34103626","True","2026-06-01T01:30:17"
"5 - Test/Media/Video/2 - Overview_W/132_1.mp4","5 - Test",".mp4","48332997","True","2026-06-01T01:30:18"
"5 - Test/Media/Video/2 - Overview_W/14_1.mp4","5 - Test",".mp4","30146315","True","2026-06-01T01:30:18"
"5 - Test/Media/Video/2 - Overview_W/15_1.mp4","5 - Test",".mp4","97757176","True","2026-06-01T01:30:18"
"5 - Test/Media/Video/2 - Overview_W/16_1.mp4","5 - Test",".mp4","36524382","True","2026-06-01T01:30:19"
"5 - Test/Media/Video/2 - Overview_W/17_1.mp4","5 - Test",".mp4","26412394","True","2026-06-01T01:30:19"
"5 - Test/Media/Video/2 - Overview_W/18_1.mp4","5 - Test",".mp4","34625398","True","2026-06-01T01:30:19"
"5 - Test/Media/Video/2 - Overview_W/19_1.mp4","5 - Test",".mp4","44335575","True","2026-06-01T01:30:19"
"5 - Test/Media/Video/2 - Overview_W/2_1.mp4","5 - Test",".mp4","30556916","True","2026-06-01T01:30:24"
"5 - Test/Media/Video/2 - Overview_W/20_1.mp4","5 - Test",".mp4","47110502","True","2026-06-01T01:30:20"
"5 - Test/Media/Video/2 - Overview_W/21_1.mp4","5 - Test",".mp4","44526880","True","2026-06-01T01:30:20"
"5 - Test/Media/Video/2 - Overview_W/22_1.mp4","5 - Test",".mp4","38928932","True","2026-06-01T01:30:21"
"5 - Test/Media/Video/2 - Overview_W/23_1.mp4","5 - Test",".mp4","74610305","True","2026-06-01T01:30:21"
"5 - Test/Media/Video/2 - Overview_W/24_1.mp4","5 - Test",".mp4","30366437","True","2026-06-01T01:30:22"
"5 - Test/Media/Video/2 - Overview_W/25_1.mp4","5 - Test",".mp4","45431895","True","2026-06-01T01:30:23"
"5 - Test/Media/Video/2 - Overview_W/26_1.mp4","5 - Test",".mp4","52732586","True","2026-06-01T01:30:23"
"5 - Test/Media/Video/2 - Overview_W/27_1.mp4","5 - Test",".mp4","45982223","True","2026-06-01T01:30:23"
"5 - Test/Media/Video/2 - Overview_W/28_1.mp4","5 - Test",".mp4","45542577","True","2026-06-01T01:30:24"
"5 - Test/Media/Video/2 - Overview_W/29_1.mp4","5 - Test",".mp4","51263149","True","2026-06-01T01:30:24"
"5 - Test/Media/Video/2 - Overview_W/3_1.mp4","5 - Test",".mp4","49365312","True","2026-06-01T01:30:40"
"5 - Test/Media/Video/2 - Overview_W/30_1.mp4","5 - Test",".mp4","27526738","True","2026-06-01T01:30:24"
"5 - Test/Media/Video/2 - Overview_W/31_1.mp4","5 - Test",".mp4","36216694","True","2026-06-01T01:30:25"
"5 - Test/Media/Video/2 - Overview_W/32_1.mp4","5 - Test",".mp4","27045612","True","2026-06-01T01:30:25"
"5 - Test/Media/Video/2 - Overview_W/33_1.mp4","5 - Test",".mp4","35113036","True","2026-06-01T01:30:25"
"5 - Test/Media/Video/2 - Overview_W/34_1.mp4","5 - Test",".mp4","35948942","True","2026-06-01T01:30:25"
"5 - Test/Media/Video/2 - Overview_W/35_1.mp4","5 - Test",".mp4","44399716","True","2026-06-01T01:30:26"
"5 - Test/Media/Video/2 - Overview_W/36_1.mp4","5 - Test",".mp4","52278643","True","2026-06-01T01:30:26"
"5 - Test/Media/Video/2 - Overview_W/37_1.mp4","5 - Test",".mp4","28785027","True","2026-06-01T01:30:39"
"5 - Test/Media/Video/2 - Overview_W/38_1.mp4","5 - Test",".mp4","32826411","True","2026-06-01T01:30:40"
"5 - Test/Media/Video/2 - Overview_W/39_1.mp4","5 - Test",".mp4","32605544","True","2026-06-01T01:30:40"
"5 - Test/Media/Video/2 - Overview_W/4_1.mp4","5 - Test",".mp4","40493982","True","2026-06-01T01:30:42"
"5 - Test/Media/Video/2 - Overview_W/40_1.mp4","5 - Test",".mp4","28195246","True","2026-06-01T01:30:40"
"5 - Test/Media/Video/2 - Overview_W/41_1.mp4","5 - Test",".mp4","33544454","True","2026-06-01T01:30:40"
"5 - Test/Media/Video/2 - Overview_W/42_1.mp4","5 - Test",".mp4","32483061","True","2026-06-01T01:30:40"
"5 - Test/Media/Video/2 - Overview_W/43_1.mp4","5 - Test",".mp4","32216378","True","2026-06-01T01:30:40"
"5 - Test/Media/Video/2 - Overview_W/44_1.mp4","5 - Test",".mp4","33164530","True","2026-06-01T01:30:40"
"5 - Test/Media/Video/2 - Overview_W/45_1.mp4","5 - Test",".mp4","28189004","True","2026-06-01T01:30:41"
"5 - Test/Media/Video/2 - Overview_W/46_1.mp4","5 - Test",".mp4","28109083","True","2026-06-01T01:30:41"
"5 - Test/Media/Video/2 - Overview_W/47_1.mp4","5 - Test",".mp4","27702229","True","2026-06-01T01:30:41"
"5 - Test/Media/Video/2 - Overview_W/48_1.mp4","5 - Test",".mp4","32327463","True","2026-06-01T01:30:42"
"5 - Test/Media/Video/2 - Overview_W/49_1.mp4","5 - Test",".mp4","40165230","True","2026-06-01T01:30:42"
"5 - Test/Media/Video/2 - Overview_W/5_1.mp4","5 - Test",".mp4","38318797","True","2026-06-01T01:30:45"
"5 - Test/Media/Video/2 - Overview_W/50_1.mp4","5 - Test",".mp4","44906865","True","2026-06-01T01:30:43"
"5 - Test/Media/Video/2 - Overview_W/51_1.mp4","5 - Test",".mp4","28878512","True","2026-06-01T01:30:43"
"5 - Test/Media/Video/2 - Overview_W/52_1.mp4","5 - Test",".mp4","28987376","True","2026-06-01T01:30:43"
"5 - Test/Media/Video/2 - Overview_W/53_1.mp4","5 - Test",".mp4","30948092","True","2026-06-01T01:30:43"
"5 - Test/Media/Video/2 - Overview_W/54_1.mp4","5 - Test",".mp4","31930548","True","2026-06-01T01:30:43"
"5 - Test/Media/Video/2 - Overview_W/55_1.mp4","5 - Test",".mp4","32048844","True","2026-06-01T01:30:44"
"5 - Test/Media/Video/2 - Overview_W/56_1.mp4","5 - Test",".mp4","32114881","True","2026-06-01T01:30:44"
"5 - Test/Media/Video/2 - Overview_W/57_1.mp4","5 - Test",".mp4","44567032","True","2026-06-01T01:30:45"
"5 - Test/Media/Video/2 - Overview_W/58_1.mp4","5 - Test",".mp4","27890572","True","2026-06-01T01:30:45"
"5 - Test/Media/Video/2 - Overview_W/59_1.mp4","5 - Test",".mp4","33685139","True","2026-06-01T01:30:45"
"5 - Test/Media/Video/2 - Overview_W/6_1.mp4","5 - Test",".mp4","60318484","True","2026-06-01T01:30:48"
"5 - Test/Media/Video/2 - Overview_W/60_1.mp4","5 - Test",".mp4","35056306","True","2026-06-01T01:30:45"
"5 - Test/Media/Video/2 - Overview_W/61_1.mp4","5 - Test",".mp4","35947417","True","2026-06-01T01:30:46"
"5 - Test/Media/Video/2 - Overview_W/62_1.mp4","5 - Test",".mp4","32903536","True","2026-06-01T01:30:47"
"5 - Test/Media/Video/2 - Overview_W/63_1.mp4","5 - Test",".mp4","33191033","True","2026-06-01T01:30:47"
"5 - Test/Media/Video/2 - Overview_W/64_1.mp4","5 - Test",".mp4","43467996","True","2026-06-01T01:30:47"
"5 - Test/Media/Video/2 - Overview_W/65_1.mp4","5 - Test",".mp4","27305531","True","2026-06-01T01:30:47"
"5 - Test/Media/Video/2 - Overview_W/66_1.mp4","5 - Test",".mp4","27548704","True","2026-06-01T01:30:48"
"5 - Test/Media/Video/2 - Overview_W/67_1.mp4","5 - Test",".mp4","26849909","True","2026-06-01T01:30:48"
"5 - Test/Media/Video/2 - Overview_W/68_1.mp4","5 - Test",".mp4","24090661","True","2026-06-01T01:30:48"
"5 - Test/Media/Video/2 - Overview_W/69_1.mp4","5 - Test",".mp4","27109003","True","2026-06-01T01:30:48"
"5 - Test/Media/Video/2 - Overview_W/7_1.mp4","5 - Test",".mp4","31172408","True","2026-06-01T01:30:51"
"5 - Test/Media/Video/2 - Overview_W/70_1.mp4","5 - Test",".mp4","28196115","True","2026-06-01T01:30:48"
"5 - Test/Media/Video/2 - Overview_W/71_1.mp4","5 - Test",".mp4","29033589","True","2026-06-01T01:30:48"
"5 - Test/Media/Video/2 - Overview_W/72_1.mp4","5 - Test",".mp4","27855459","True","2026-06-01T01:30:49"
"5 - Test/Media/Video/2 - Overview_W/73_1.mp4","5 - Test",".mp4","28132794","True","2026-06-01T01:30:49"
"5 - Test/Media/Video/2 - Overview_W/74_1.mp4","5 - Test",".mp4","30965141","True","2026-06-01T01:30:49"
"5 - Test/Media/Video/2 - Overview_W/75_1.mp4","5 - Test",".mp4","28301117","True","2026-06-01T01:30:49"
"5 - Test/Media/Video/2 - Overview_W/76_1.mp4","5 - Test",".mp4","29725249","True","2026-06-01T01:30:49"
"5 - Test/Media/Video/2 - Overview_W/77_1.mp4","5 - Test",".mp4","49205315","True","2026-06-01T01:30:50"
"5 - Test/Media/Video/2 - Overview_W/78_1.mp4","5 - Test",".mp4","44359210","True","2026-06-01T01:30:50"
"5 - Test/Media/Video/2 - Overview_W/79_1.mp4","5 - Test",".mp4","30773181","True","2026-06-01T01:30:50"
"5 - Test/Media/Video/2 - Overview_W/8_1.mp4","5 - Test",".mp4","27802992","True","2026-06-01T01:30:55"
"5 - Test/Media/Video/2 - Overview_W/80_1.mp4","5 - Test",".mp4","32483405","True","2026-06-01T01:30:51"
"5 - Test/Media/Video/2 - Overview_W/81_1.mp4","5 - Test",".mp4","30943340","True","2026-06-01T01:30:52"
"5 - Test/Media/Video/2 - Overview_W/82_1.mp4","5 - Test",".mp4","36895750","True","2026-06-01T01:30:52"
"5 - Test/Media/Video/2 - Overview_W/83_1.mp4","5 - Test",".mp4","30839143","True","2026-06-01T01:30:53"
"5 - Test/Media/Video/2 - Overview_W/84_1.mp4","5 - Test",".mp4","113678831","True","2026-06-01T01:30:53"
"5 - Test/Media/Video/2 - Overview_W/85_1.mp4","5 - Test",".mp4","26059617","True","2026-06-01T01:30:53"
"5 - Test/Media/Video/2 - Overview_W/86_1.mp4","5 - Test",".mp4","33910482","True","2026-06-01T01:30:53"
"5 - Test/Media/Video/2 - Overview_W/87_1.mp4","5 - Test",".mp4","35140528","True","2026-06-01T01:30:54"
"5 - Test/Media/Video/2 - Overview_W/88_1.mp4","5 - Test",".mp4","36479033","True","2026-06-01T01:30:55"
"5 - Test/Media/Video/2 - Overview_W/89_1.mp4","5 - Test",".mp4","32405760","True","2026-06-01T01:30:55"
"5 - Test/Media/Video/2 - Overview_W/9_1.mp4","5 - Test",".mp4","37376325","True","2026-06-01T01:30:59"
"5 - Test/Media/Video/2 - Overview_W/90_1.mp4","5 - Test",".mp4","29144640","True","2026-06-01T01:30:55"
"5 - Test/Media/Video/2 - Overview_W/91_1.mp4","5 - Test",".mp4","31027804","True","2026-06-01T01:30:55"
"5 - Test/Media/Video/2 - Overview_W/93_1.mp4","5 - Test",".mp4","42050311","True","2026-06-01T01:30:55"
"5 - Test/Media/Video/2 - Overview_W/94_1.mp4","5 - Test",".mp4","42189857","True","2026-06-01T01:30:55"
"5 - Test/Media/Video/2 - Overview_W/95_1.mp4","5 - Test",".mp4","24529355","True","2026-06-01T01:30:56"
"5 - Test/Media/Video/2 - Overview_W/96_1.mp4","5 - Test",".mp4","27603290","True","2026-06-01T01:30:56"
"5 - Test/Media/Video/2 - Overview_W/97_1.mp4","5 - Test",".mp4","33954803","True","2026-06-01T01:30:56"
"5 - Test/Media/Video/2 - Overview_W/98_1.mp4","5 - Test",".mp4","29961648","True","2026-06-01T01:30:57"
"5 - Test/Media/Video/2 - Overview_W/99_1.mp4","5 - Test",".mp4","31141673","True","2026-06-01T01:30:58"
"5 - Test/Media/Video/3 - Wall base_SE/1_SE.mp4","5 - Test",".mp4","57605725","True","2026-06-01T01:31:01"
"5 - Test/Media/Video/3 - Wall base_SE/10_SE.mp4","5 - Test",".mp4","38740498","True","2026-06-01T01:30:59"
"5 - Test/Media/Video/3 - Wall base_SE/11_SE.mp4","5 - Test",".mp4","36736400","True","2026-06-01T01:30:59"
"5 - Test/Media/Video/3 - Wall base_SE/12_SE.mp4","5 - Test",".mp4","44103673","True","2026-06-01T01:31:00"
"5 - Test/Media/Video/3 - Wall base_SE/123_SE.mp4","5 - Test",".mp4","100246948","True","2026-06-01T01:30:59"
"5 - Test/Media/Video/3 - Wall base_SE/124_SE.mp4","5 - Test",".mp4","103506387","True","2026-06-01T01:31:00"
"5 - Test/Media/Video/3 - Wall base_SE/125_SE.mp4","5 - Test",".mp4","97757738","True","2026-06-01T01:31:00"
"5 - Test/Media/Video/3 - Wall base_SE/126_SE.mp4","5 - Test",".mp4","78175013","True","2026-06-01T01:31:00"
"5 - Test/Media/Video/3 - Wall base_SE/127_SE.mp4","5 - Test",".mp4","82763324","True","2026-06-01T01:31:00"
"5 - Test/Media/Video/3 - Wall base_SE/128_SE.mp4","5 - Test",".mp4","109670335","True","2026-06-01T01:31:00"
"5 - Test/Media/Video/3 - Wall base_SE/129_SE.mp4","5 - Test",".mp4","104405672","True","2026-06-01T01:31:00"
"5 - Test/Media/Video/3 - Wall base_SE/130_SE.mp4","5 - Test",".mp4","71336267","True","2026-06-01T01:31:00"
"5 - Test/Media/Video/3 - Wall base_SE/131_SE.mp4","5 - Test",".mp4","106007272","True","2026-06-01T01:31:00"
"5 - Test/Media/Video/3 - Wall base_SE/132_SE.mp4","5 - Test",".mp4","145544155","True","2026-06-01T01:31:01"
"5 - Test/Media/Video/3 - Wall base_SE/16_SE.mp4","5 - Test",".mp4","52002411","True","2026-06-01T01:31:01"
"5 - Test/Media/Video/3 - Wall base_SE/17_SE.mp4","5 - Test",".mp4","39457016","True","2026-06-01T01:31:01"
"5 - Test/Media/Video/3 - Wall base_SE/18_SE.mp4","5 - Test",".mp4","18586964","True","2026-06-01T01:31:01"
"5 - Test/Media/Video/3 - Wall base_SE/19_SE.mp4","5 - Test",".mp4","48639709","True","2026-06-01T01:31:01"
"5 - Test/Media/Video/3 - Wall base_SE/2_SE.mp4","5 - Test",".mp4","35608559","True","2026-06-01T01:31:12"
"5 - Test/Media/Video/3 - Wall base_SE/20_SE.mp4","5 - Test",".mp4","44401082","True","2026-06-01T01:31:01"
"5 - Test/Media/Video/3 - Wall base_SE/21_SE.mp4","5 - Test",".mp4","48225115","True","2026-06-01T01:31:01"
"5 - Test/Media/Video/3 - Wall base_SE/22_SE.mp4","5 - Test",".mp4","57114551","True","2026-06-01T01:31:01"
"5 - Test/Media/Video/3 - Wall base_SE/23_SE.mp4","5 - Test",".mp4","36234128","True","2026-06-01T01:31:10"
"5 - Test/Media/Video/3 - Wall base_SE/24_SE.mp4","5 - Test",".mp4","47604261","True","2026-06-01T01:31:11"
"5 - Test/Media/Video/3 - Wall base_SE/25_SE.mp4","5 - Test",".mp4","37215299","True","2026-06-01T01:31:11"
"5 - Test/Media/Video/3 - Wall base_SE/26_SE.mp4","5 - Test",".mp4","64779864","True","2026-06-01T01:31:11"
"5 - Test/Media/Video/3 - Wall base_SE/27_SE.mp4","5 - Test",".mp4","48465153","True","2026-06-01T01:31:11"
"5 - Test/Media/Video/3 - Wall base_SE/28_SE.mp4","5 - Test",".mp4","63713057","True","2026-06-01T01:31:12"
"5 - Test/Media/Video/3 - Wall base_SE/29_SE.mp4","5 - Test",".mp4","12719328","True","2026-06-01T01:31:12"
"5 - Test/Media/Video/3 - Wall base_SE/3_SE.mp4","5 - Test",".mp4","44464906","True","2026-06-01T01:31:17"
"5 - Test/Media/Video/3 - Wall base_SE/30_SE.mp4","5 - Test",".mp4","20979506","True","2026-06-01T01:31:13"
"5 - Test/Media/Video/3 - Wall base_SE/31_SE.mp4","5 - Test",".mp4","49580388","True","2026-06-01T01:31:13"
"5 - Test/Media/Video/3 - Wall base_SE/32_SE.mp4","5 - Test",".mp4","60842692","True","2026-06-01T01:31:13"
"5 - Test/Media/Video/3 - Wall base_SE/33_SE.mp4","5 - Test",".mp4","46372331","True","2026-06-01T01:31:13"
"5 - Test/Media/Video/3 - Wall base_SE/34_SE.mp4","5 - Test",".mp4","51870180","True","2026-06-01T01:31:15"
"5 - Test/Media/Video/3 - Wall base_SE/35_SE.mp4","5 - Test",".mp4","35915994","True","2026-06-01T01:31:15"
"5 - Test/Media/Video/3 - Wall base_SE/36_SE.mp4","5 - Test",".mp4","4230898","True","2026-06-01T01:31:15"
"5 - Test/Media/Video/3 - Wall base_SE/39_SE.mp4","5 - Test",".mp4","100516394","True","2026-06-01T01:31:17"
"5 - Test/Media/Video/3 - Wall base_SE/40_SE.mp4","5 - Test",".mp4","65555329","True","2026-06-01T01:31:17"
"5 - Test/Media/Video/3 - Wall base_SE/41_SE.mp4","5 - Test",".mp4","81280930","True","2026-06-01T01:31:18"
"5 - Test/Media/Video/3 - Wall base_SE/42_SE.mp4","5 - Test",".mp4","99720988","True","2026-06-01T01:31:18"
"5 - Test/Media/Video/3 - Wall base_SE/43_SE.mp4","5 - Test",".mp4","92282945","True","2026-06-01T01:31:19"
"5 - Test/Media/Video/3 - Wall base_SE/44_SE.mp4","5 - Test",".mp4","98164877","True","2026-06-01T01:31:20"
"5 - Test/Media/Video/3 - Wall base_SE/45_SE.mp4","5 - Test",".mp4","68108055","True","2026-06-01T01:31:21"
"5 - Test/Media/Video/3 - Wall base_SE/46_SE.mp4","5 - Test",".mp4","69146657","True","2026-06-01T01:31:21"
"5 - Test/Media/Video/3 - Wall base_SE/47_SE.mp4","5 - Test",".mp4","64205765","True","2026-06-01T01:31:21"
"5 - Test/Media/Video/3 - Wall base_SE/48_SE.mp4","5 - Test",".mp4","77069489","True","2026-06-01T01:31:22"
"5 - Test/Media/Video/3 - Wall base_SE/49_SE.mp4","5 - Test",".mp4","91712607","True","2026-06-01T01:31:22"
"5 - Test/Media/Video/3 - Wall base_SE/4-SE.mp4","5 - Test",".mp4","51548523","True","2026-06-01T01:31:17"
"5 - Test/Media/Video/3 - Wall base_SE/5_SE.mp4","5 - Test",".mp4","43161977","True","2026-06-01T01:31:26"
"5 - Test/Media/Video/3 - Wall base_SE/50_SE.mp4","5 - Test",".mp4","122891950","True","2026-06-01T01:31:24"
"5 - Test/Media/Video/3 - Wall base_SE/51_SE.mp4","5 - Test",".mp4","118347048","True","2026-06-01T01:31:24"
"5 - Test/Media/Video/3 - Wall base_SE/52_SE.mp4","5 - Test",".mp4","102707834","True","2026-06-01T01:31:26"
"5 - Test/Media/Video/3 - Wall base_SE/6_SE.mp4","5 - Test",".mp4","72880851","True","2026-06-01T01:31:27"
"5 - Test/Media/Video/3 - Wall base_SE/7_SE.mp4","5 - Test",".mp4","51918331","True","2026-06-01T01:31:27"
"5 - Test/Media/Video/3 - Wall base_SE/8_SE.mp4","5 - Test",".mp4","48629269","True","2026-06-01T01:31:27"
"5 - Test/Media/Video/3 - Wall base_SE/9_SE.mp4","5 - Test",".mp4","57560437","True","2026-06-01T01:31:28"
"5 - Test/Media/Video/3 - Wall base_SE/新建 文本文档.txt","5 - Test",".txt","0","False","2026-05-30T10:33:32"
"5 - Test/Media/Video/3 - Wall base_SE/序列 03_Sub_01.mp4","5 - Test",".mp4","123179007","False","2026-06-01T01:31:29"
"5 - Test/Media/Video/4 - Outrigger_SE/1_SE-Top.mp4","5 - Test",".mp4","58519448","True","2026-06-01T01:31:33"
"5 - Test/Media/Video/4 - Outrigger_SE/10_SE-Top.mp4","5 - Test",".mp4","47191461","True","2026-06-01T01:31:29"
"5 - Test/Media/Video/4 - Outrigger_SE/11_SE-Top.mp4","5 - Test",".mp4","32748465","True","2026-06-01T01:31:29"
"5 - Test/Media/Video/4 - Outrigger_SE/12_SE-Top.mp4","5 - Test",".mp4","44355921","True","2026-06-01T01:31:32"
"5 - Test/Media/Video/4 - Outrigger_SE/123_SE-Top.mp4","5 - Test",".mp4","32805532","True","2026-06-01T01:31:30"
"5 - Test/Media/Video/4 - Outrigger_SE/124_SE-Top.mp4","5 - Test",".mp4","70806576","True","2026-06-01T01:31:31"
"5 - Test/Media/Video/4 - Outrigger_SE/125_SE-Top.mp4","5 - Test",".mp4","31712122","True","2026-06-01T01:31:31"
"5 - Test/Media/Video/4 - Outrigger_SE/126_SE-Top.mp4","5 - Test",".mp4","59432550","True","2026-06-01T01:31:32"
"5 - Test/Media/Video/4 - Outrigger_SE/127_SE-Top.mp4","5 - Test",".mp4","54851000","True","2026-06-01T01:31:32"
"5 - Test/Media/Video/4 - Outrigger_SE/128_SE-Top.mp4","5 - Test",".mp4","74625518","True","2026-06-01T01:31:32"
"5 - Test/Media/Video/4 - Outrigger_SE/129_SE-Top.mp4","5 - Test",".mp4","151350022","True","2026-06-01T01:31:32"
"5 - Test/Media/Video/4 - Outrigger_SE/13_SE-Top.mp4","5 - Test",".mp4","63435459","True","2026-06-01T01:31:32"
"5 - Test/Media/Video/4 - Outrigger_SE/130_SE-Top.mp4","5 - Test",".mp4","116249777","True","2026-06-01T01:31:32"
"5 - Test/Media/Video/4 - Outrigger_SE/131_SE-Top.mp4","5 - Test",".mp4","73613220","True","2026-06-01T01:31:32"
"5 - Test/Media/Video/4 - Outrigger_SE/132_SE-Top.mp4","5 - Test",".mp4","117905550","True","2026-06-01T01:31:32"
"5 - Test/Media/Video/4 - Outrigger_SE/14_SE-Top.mp4","5 - Test",".mp4","46441324","True","2026-06-01T01:31:32"
"5 - Test/Media/Video/4 - Outrigger_SE/15_SE-Top.mp4","5 - Test",".mp4","60648617","True","2026-06-01T01:31:33"
"5 - Test/Media/Video/4 - Outrigger_SE/16_SE-Top.mp4","5 - Test",".mp4","54763590","True","2026-06-01T01:31:33"
"5 - Test/Media/Video/4 - Outrigger_SE/17_SE-Top.mp4","5 - Test",".mp4","18916467","True","2026-06-01T01:31:33"
"5 - Test/Media/Video/4 - Outrigger_SE/18_SE-Top.mp4","5 - Test",".mp4","57724336","True","2026-06-01T01:31:33"
"5 - Test/Media/Video/4 - Outrigger_SE/19_SE-Top.mp4","5 - Test",".mp4","49943279","True","2026-06-01T01:31:33"
"5 - Test/Media/Video/4 - Outrigger_SE/2_SE-Top.mp4","5 - Test",".mp4","38974560","True","2026-06-01T01:31:33"
"5 - Test/Media/Video/4 - Outrigger_SE/20_SE-Top.mp4","5 - Test",".mp4","45468636","True","2026-06-01T01:31:33"
"5 - Test/Media/Video/4 - Outrigger_SE/21_SE-Top.mp4","5 - Test",".mp4","46012173","True","2026-06-01T01:31:33"
"5 - Test/Media/Video/4 - Outrigger_SE/22_SE-Top.mp4","5 - Test",".mp4","54847845","True","2026-06-01T01:31:33"
"5 - Test/Media/Video/4 - Outrigger_SE/23_SE-Top.mp4","5 - Test",".mp4","35650995","True","2026-06-01T01:31:33"
"5 - Test/Media/Video/4 - Outrigger_SE/24_SE-Top.mp4","5 - Test",".mp4","34223854","True","2026-06-01T01:31:33"
"5 - Test/Media/Video/4 - Outrigger_SE/25_SE-Top.mp4","5 - Test",".mp4","45490816","True","2026-06-01T01:31:33"
"5 - Test/Media/Video/4 - Outrigger_SE/26_SE-Top.mp4","5 - Test",".mp4","68545714","True","2026-06-01T01:31:33"
"5 - Test/Media/Video/4 - Outrigger_SE/27_SE-Top.mp4","5 - Test",".mp4","51263982","True","2026-06-01T01:31:33"
"5 - Test/Media/Video/4 - Outrigger_SE/28_SE-Top.mp4","5 - Test",".mp4","72558052","True","2026-06-01T01:31:33"
"5 - Test/Media/Video/4 - Outrigger_SE/29_SE-Top.mp4","5 - Test",".mp4","54629803","True","2026-06-01T01:31:33"
"5 - Test/Media/Video/4 - Outrigger_SE/3_SE-Top.mp4","5 - Test",".mp4","51466427","True","2026-06-01T01:31:38"
"5 - Test/Media/Video/4 - Outrigger_SE/30_SE-Top.mp4","5 - Test",".mp4","48530682","True","2026-06-01T01:31:33"
"5 - Test/Media/Video/4 - Outrigger_SE/31_SE-Top.mp4","5 - Test",".mp4","49768693","True","2026-06-01T01:31:34"
"5 - Test/Media/Video/4 - Outrigger_SE/32_SE-Top.mp4","5 - Test",".mp4","57735186","True","2026-06-01T01:31:34"
"5 - Test/Media/Video/4 - Outrigger_SE/33_SE-Top.mp4","5 - Test",".mp4","44648961","True","2026-06-01T01:31:34"
"5 - Test/Media/Video/4 - Outrigger_SE/34_SE-Top.mp4","5 - Test",".mp4","17040159","True","2026-06-01T01:31:34"
"5 - Test/Media/Video/4 - Outrigger_SE/35_SE-Top.mp4","5 - Test",".mp4","37337458","True","2026-06-01T01:31:34"
"5 - Test/Media/Video/4 - Outrigger_SE/36_SE-Top.mp4","5 - Test",".mp4","55469204","True","2026-06-01T01:31:35"
"5 - Test/Media/Video/4 - Outrigger_SE/37_SE-Top.mp4","5 - Test",".mp4","70741659","True","2026-06-01T01:31:35"
"5 - Test/Media/Video/4 - Outrigger_SE/38_SE-Top.mp4","5 - Test",".mp4","77985007","True","2026-06-01T01:31:37"
"5 - Test/Media/Video/4 - Outrigger_SE/39_SE-Top.mp4","5 - Test",".mp4","80594084","True","2026-06-01T01:31:38"
"5 - Test/Media/Video/4 - Outrigger_SE/4_SE-Top.mp4","5 - Test",".mp4","70035956","True","2026-06-01T01:32:24"
"5 - Test/Media/Video/4 - Outrigger_SE/40_SE-Top.mp4","5 - Test",".mp4","68620457","True","2026-06-01T01:31:38"
"5 - Test/Media/Video/4 - Outrigger_SE/41_SE-Top.mp4","5 - Test",".mp4","79524428","True","2026-06-01T01:31:51"
"5 - Test/Media/Video/4 - Outrigger_SE/42_SE-Top.mp4","5 - Test",".mp4","81066849","True","2026-06-01T01:31:52"
"5 - Test/Media/Video/4 - Outrigger_SE/43_SE-Top.mp4","5 - Test",".mp4","78198569","True","2026-06-01T01:31:52"
"5 - Test/Media/Video/4 - Outrigger_SE/44_SE-Top.mp4","5 - Test",".mp4","81724562","True","2026-06-01T01:32:21"
"5 - Test/Media/Video/4 - Outrigger_SE/45_SE-Top.mp4","5 - Test",".mp4","65846039","True","2026-06-01T01:32:21"
"5 - Test/Media/Video/4 - Outrigger_SE/46_SE-Top.mp4","5 - Test",".mp4","72163774","True","2026-06-01T01:32:22"
"5 - Test/Media/Video/4 - Outrigger_SE/47_SE-Top.mp4","5 - Test",".mp4","63438717","True","2026-06-01T01:32:22"
"5 - Test/Media/Video/4 - Outrigger_SE/48_SE-Top.mp4","5 - Test",".mp4","95348785","True","2026-06-01T01:32:23"
"5 - Test/Media/Video/4 - Outrigger_SE/49_SE-Top.mp4","5 - Test",".mp4","98765030","True","2026-06-01T01:32:24"
"5 - Test/Media/Video/4 - Outrigger_SE/5_SE-Top.mp4","5 - Test",".mp4","43138084","True","2026-06-01T01:32:25"
"5 - Test/Media/Video/4 - Outrigger_SE/50_SE-Top.mp4","5 - Test",".mp4","113761919","True","2026-06-01T01:32:25"
"5 - Test/Media/Video/4 - Outrigger_SE/6_SE-Top.mp4","5 - Test",".mp4","74052909","True","2026-06-01T01:32:26"
"5 - Test/Media/Video/4 - Outrigger_SE/7_SE-Top.mp4","5 - Test",".mp4","60645341","True","2026-06-01T01:32:26"
"5 - Test/Media/Video/4 - Outrigger_SE/8_SE-Top.mp4","5 - Test",".mp4","44343715","True","2026-06-01T01:32:26"
"5 - Test/Media/Video/4 - Outrigger_SE/9_SE-Top.mp4","5 - Test",".mp4","67588124","True","2026-06-01T01:32:27"
"5 - Test/Media/Video/5 - Coupling beam_E/1_E-Beam.mp4","5 - Test",".mp4","101017892","True","2026-06-01T01:32:43"
"5 - Test/Media/Video/5 - Coupling beam_E/10_E-Beam.mp4","5 - Test",".mp4","123553332","True","2026-06-01T01:32:28"
"5 - Test/Media/Video/5 - Coupling beam_E/11_E-Beam.mp4","5 - Test",".mp4","94772194","True","2026-06-01T01:32:29"
"5 - Test/Media/Video/5 - Coupling beam_E/12_E-Beam.mp4","5 - Test",".mp4","97214623","True","2026-06-01T01:32:30"
"5 - Test/Media/Video/5 - Coupling beam_E/123_E-Beam.mp4","5 - Test",".mp4","38185226","True","2026-06-01T01:32:29"
"5 - Test/Media/Video/5 - Coupling beam_E/124_E-Beam.mp4","5 - Test",".mp4","39627429","True","2026-06-01T01:32:29"
"5 - Test/Media/Video/5 - Coupling beam_E/125_E-Beam.mp4","5 - Test",".mp4","37230285","True","2026-06-01T01:32:29"
"5 - Test/Media/Video/5 - Coupling beam_E/126_E-Beam.mp4","5 - Test",".mp4","49508715","True","2026-06-01T01:32:29"
"5 - Test/Media/Video/5 - Coupling beam_E/127_E-Beam.mp4","5 - Test",".mp4","46264454","True","2026-06-01T01:32:29"
"5 - Test/Media/Video/5 - Coupling beam_E/128_E-Beam.mp4","5 - Test",".mp4","53823714","True","2026-06-01T01:32:29"
"5 - Test/Media/Video/5 - Coupling beam_E/129_E-Beam.mp4","5 - Test",".mp4","56268369","True","2026-06-01T01:32:29"
"5 - Test/Media/Video/5 - Coupling beam_E/13_E-Beam.mp4","5 - Test",".mp4","84274849","True","2026-06-01T01:32:34"
"5 - Test/Media/Video/5 - Coupling beam_E/130_E-Beam.mp4","5 - Test",".mp4","50131492","True","2026-06-01T01:32:30"
"5 - Test/Media/Video/5 - Coupling beam_E/131_E-Beam.mp4","5 - Test",".mp4","55197399","True","2026-06-01T01:32:30"
"5 - Test/Media/Video/5 - Coupling beam_E/132_E-Beam.mp4","5 - Test",".mp4","63915751","True","2026-06-01T01:32:31"
"5 - Test/Media/Video/5 - Coupling beam_E/14_E-Beam.mp4","5 - Test",".mp4","75375847","True","2026-06-01T01:32:35"
"5 - Test/Media/Video/5 - Coupling beam_E/15_E-Beam.mp4","5 - Test",".mp4","90174346","True","2026-06-01T01:32:36"
"5 - Test/Media/Video/5 - Coupling beam_E/16_E-Beam-Clip.mp4","5 - Test",".mp4","53683839","True","2026-06-01T01:32:37"
"5 - Test/Media/Video/5 - Coupling beam_E/17_E-Beam-Clip.mp4","5 - Test",".mp4","38457842","True","2026-06-01T01:32:38"
"5 - Test/Media/Video/5 - Coupling beam_E/18_E-Beam-Clip.mp4","5 - Test",".mp4","55724679","True","2026-06-01T01:32:38"
"5 - Test/Media/Video/5 - Coupling beam_E/19_E-Beam-Clip.mp4","5 - Test",".mp4","48267882","True","2026-06-01T01:32:41"
"5 - Test/Media/Video/5 - Coupling beam_E/2_E-Beam.mp4","5 - Test",".mp4","108770038","True","2026-06-01T01:32:53"
"5 - Test/Media/Video/5 - Coupling beam_E/20_E-Beam-Clip.mp4","5 - Test",".mp4","43944315","True","2026-06-01T01:32:45"
"5 - Test/Media/Video/5 - Coupling beam_E/21_E-Beam-Clip.mp4","5 - Test",".mp4","51912294","True","2026-06-01T01:32:45"
"5 - Test/Media/Video/5 - Coupling beam_E/22_E-Beam-Clip.mp4","5 - Test",".mp4","53811163","True","2026-06-01T01:32:46"
"5 - Test/Media/Video/5 - Coupling beam_E/23_E-Beam-Clip.mp4","5 - Test",".mp4","34929447","True","2026-06-01T01:32:46"
"5 - Test/Media/Video/5 - Coupling beam_E/24_E-Beam-Clip.mp4","5 - Test",".mp4","52100763","True","2026-06-01T01:32:47"
"5 - Test/Media/Video/5 - Coupling beam_E/25_E-Beam-Clip.mp4","5 - Test",".mp4","39785578","True","2026-06-01T01:32:48"
"5 - Test/Media/Video/5 - Coupling beam_E/26_E-Beam-Clip.mp4","5 - Test",".mp4","66762592","True","2026-06-01T01:32:49"
"5 - Test/Media/Video/5 - Coupling beam_E/27_E-Beam-Clip.mp4","5 - Test",".mp4","54028774","True","2026-06-01T01:32:49"
"5 - Test/Media/Video/5 - Coupling beam_E/28_E-Beam-Clip.mp4","5 - Test",".mp4","66988466","True","2026-06-01T01:32:51"
"5 - Test/Media/Video/5 - Coupling beam_E/3_E-Beam.mp4","5 - Test",".mp4","139360652","True","2026-06-01T01:33:02"
"5 - Test/Media/Video/5 - Coupling beam_E/30_E-Beam-Clip.mp4","5 - Test",".mp4","44861498","True","2026-06-01T01:32:54"
"5 - Test/Media/Video/5 - Coupling beam_E/31_E-Beam-Clip.mp4","5 - Test",".mp4","19465479","True","2026-06-01T01:32:54"
"5 - Test/Media/Video/5 - Coupling beam_E/32_E-Beam-Clip.mp4","5 - Test",".mp4","11060037","True","2026-06-01T01:32:54"
"5 - Test/Media/Video/5 - Coupling beam_E/33_E-Beam-Clip.mp4","5 - Test",".mp4","9012872","True","2026-06-01T01:32:55"
"5 - Test/Media/Video/5 - Coupling beam_E/34_E-Beam-Clip.mp4","5 - Test",".mp4","7615854","True","2026-06-01T01:32:55"
"5 - Test/Media/Video/5 - Coupling beam_E/35_E-Beam-Clip.mp4","5 - Test",".mp4","37010325","True","2026-06-01T01:32:55"
"5 - Test/Media/Video/5 - Coupling beam_E/36_E-Beam-Clip.mp4","5 - Test",".mp4","71907499","True","2026-06-01T01:32:57"
"5 - Test/Media/Video/5 - Coupling beam_E/37_E-Beam.mp4","5 - Test",".mp4","78416976","True","2026-06-01T01:32:58"
"5 - Test/Media/Video/5 - Coupling beam_E/38_E-Beam.mp4","5 - Test",".mp4","80175262","True","2026-06-01T01:32:59"
"5 - Test/Media/Video/5 - Coupling beam_E/39_E-Beam.mp4","5 - Test",".mp4","75741694","True","2026-06-01T01:33:00"
"5 - Test/Media/Video/5 - Coupling beam_E/4_E-Beam.mp4","5 - Test",".mp4","124064681","True","2026-06-01T01:33:18"
"5 - Test/Media/Video/5 - Coupling beam_E/40_E-Beam.mp4","5 - Test",".mp4","82878786","True","2026-06-01T01:33:03"
"5 - Test/Media/Video/5 - Coupling beam_E/41_E-Beam.mp4","5 - Test",".mp4","82709283","True","2026-06-01T01:33:04"
"5 - Test/Media/Video/5 - Coupling beam_E/42_E-Beam.mp4","5 - Test",".mp4","77566950","True","2026-06-01T01:33:06"
"5 - Test/Media/Video/5 - Coupling beam_E/43_E-Beam.mp4","5 - Test",".mp4","77430564","True","2026-06-01T01:33:07"
"5 - Test/Media/Video/5 - Coupling beam_E/44_E-Beam.mp4","5 - Test",".mp4","85361206","True","2026-06-01T01:33:09"
"5 - Test/Media/Video/5 - Coupling beam_E/45_E-Beam.mp4","5 - Test",".mp4","83164127","True","2026-06-01T01:33:10"
"5 - Test/Media/Video/5 - Coupling beam_E/46_E-Beam.mp4","5 - Test",".mp4","65176540","True","2026-06-01T01:33:11"
"5 - Test/Media/Video/5 - Coupling beam_E/47_E-Beam.mp4","5 - Test",".mp4","65257554","True","2026-06-01T01:33:12"
"5 - Test/Media/Video/5 - Coupling beam_E/48_E-Beam.mp4","5 - Test",".mp4","85028563","True","2026-06-01T01:33:13"
"5 - Test/Media/Video/5 - Coupling beam_E/49_E-Beam.mp4","5 - Test",".mp4","105855154","True","2026-06-01T01:33:15"
"5 - Test/Media/Video/5 - Coupling beam_E/5_E-Beam.mp4","5 - Test",".mp4","117454184","True","2026-06-01T01:33:21"
"5 - Test/Media/Video/5 - Coupling beam_E/50_E-Beam.mp4","5 - Test",".mp4","117671888","True","2026-06-01T01:33:20"
"5 - Test/Media/Video/5 - Coupling beam_E/6_E-Beam.mp4","5 - Test",".mp4","171297556","True","2026-06-01T01:33:25"
"5 - Test/Media/Video/5 - Coupling beam_E/7_E-Beam.mp4","5 - Test",".mp4","77687008","True","2026-06-01T01:33:25"
"5 - Test/Media/Video/5 - Coupling beam_E/8_E-Beam.mp4","5 - Test",".mp4","70159400","True","2026-06-01T01:33:27"
"5 - Test/Media/Video/5 - Coupling beam_E/9_E-Beam.mp4","5 - Test",".mp4","94763603","True","2026-06-01T01:33:28"
"5 - Test/Raw data/RawDataA1_Sync.xlsx","5 - Test",".xlsx","17033067","True","2026-06-01T01:33:29"
"5 - Test/Raw data/RawDataA10_Sync.xlsx","5 - Test",".xlsx","25555922","True","2026-06-01T01:33:28"
"5 - Test/Raw data/RawDataA100_Sync.xlsx","5 - Test",".xlsx","20816187","True","2026-06-01T01:33:28"
"5 - Test/Raw data/RawDataA101_Sync.xlsx","5 - Test",".xlsx","18973784","True","2026-06-01T01:33:28"
"5 - Test/Raw data/RawDataA102_Sync.xlsx","5 - Test",".xlsx","32748919","True","2026-06-01T01:33:28"
"5 - Test/Raw data/RawDataA103_Sync.xlsx","5 - Test",".xlsx","27910744","True","2026-06-01T01:33:28"
"5 - Test/Raw data/RawDataA104_Sync.xlsx","5 - Test",".xlsx","16149077","True","2026-06-01T01:33:28"
"5 - Test/Raw data/RawDataA105_Sync.xlsx","5 - Test",".xlsx","17552629","True","2026-06-01T01:33:28"
"5 - Test/Raw data/RawDataA106_Sync.xlsx","5 - Test",".xlsx","15475074","True","2026-06-01T01:33:28"
"5 - Test/Raw data/RawDataA107_Sync.xlsx","5 - Test",".xlsx","37207775","True","2026-06-01T01:33:28"
"5 - Test/Raw data/RawDataA108_Sync.xlsx","5 - Test",".xlsx","16081162","True","2026-06-01T01:33:28"
"5 - Test/Raw data/RawDataA109_Sync.xlsx","5 - Test",".xlsx","15075082","True","2026-06-01T01:33:28"
"5 - Test/Raw data/RawDataA11_Sync.xlsx","5 - Test",".xlsx","20251059","True","2026-06-01T01:33:29"
"5 - Test/Raw data/RawDataA110_Sync.xlsx","5 - Test",".xlsx","16735130","True","2026-06-01T01:33:28"
"5 - Test/Raw data/RawDataA111_Sync.xlsx","5 - Test",".xlsx","17102115","True","2026-06-01T01:33:28"
"5 - Test/Raw data/RawDataA112_Sync.xlsx","5 - Test",".xlsx","16885109","True","2026-06-01T01:33:28"
"5 - Test/Raw data/RawDataA113_Sync.xlsx","5 - Test",".xlsx","17764373","True","2026-06-01T01:33:28"
"5 - Test/Raw data/RawDataA114_Sync.xlsx","5 - Test",".xlsx","16866449","True","2026-06-01T01:33:28"
"5 - Test/Raw data/RawDataA115_Sync.xlsx","5 - Test",".xlsx","17935514","True","2026-06-01T01:33:28"
"5 - Test/Raw data/RawDataA116_Sync.xlsx","5 - Test",".xlsx","18717753","True","2026-06-01T01:33:28"
"5 - Test/Raw data/RawDataA117_Sync.xlsx","5 - Test",".xlsx","18725882","True","2026-06-01T01:33:28"
"5 - Test/Raw data/RawDataA118_Sync.xlsx","5 - Test",".xlsx","21221696","True","2026-06-01T01:33:28"
"5 - Test/Raw data/RawDataA119_Sync.xlsx","5 - Test",".xlsx","26443480","True","2026-06-01T01:33:29"
"5 - Test/Raw data/RawDataA12_Sync.xlsx","5 - Test",".xlsx","21109163","True","2026-06-01T01:33:29"
"5 - Test/Raw data/RawDataA120_Sync.xlsx","5 - Test",".xlsx","19801820","True","2026-06-01T01:33:29"
"5 - Test/Raw data/RawDataA122_Sync.xlsx","5 - Test",".xlsx","26343600","True","2026-06-01T01:33:29"
"5 - Test/Raw data/RawDataA123_Sync.xlsx","5 - Test",".xlsx","15697410","True","2026-06-01T01:33:29"
"5 - Test/Raw data/RawDataA124_Sync.xlsx","5 - Test",".xlsx","17291787","True","2026-06-01T01:33:29"
"5 - Test/Raw data/RawDataA125_Sync.xlsx","5 - Test",".xlsx","18196617","True","2026-06-01T01:33:29"
"5 - Test/Raw data/RawDataA126_Sync.xlsx","5 - Test",".xlsx","16405102","True","2026-06-01T01:33:29"
"5 - Test/Raw data/RawDataA127_Sync.xlsx","5 - Test",".xlsx","17102051","True","2026-06-01T01:33:29"
"5 - Test/Raw data/RawDataA128_Sync.xlsx","5 - Test",".xlsx","20210970","True","2026-06-01T01:33:29"
"5 - Test/Raw data/RawDataA129_Sync.xlsx","5 - Test",".xlsx","22075752","True","2026-06-01T01:33:29"
"5 - Test/Raw data/RawDataA13_Sync.xlsx","5 - Test",".xlsx","22385321","True","2026-06-01T01:33:29"
"5 - Test/Raw data/RawDataA130_Sync.xlsx","5 - Test",".xlsx","18561458","True","2026-06-01T01:33:29"
"5 - Test/Raw data/RawDataA131_Sync.xlsx","5 - Test",".xlsx","20695422","True","2026-06-01T01:33:29"
"5 - Test/Raw data/RawDataA132_Sync.xlsx","5 - Test",".xlsx","26755233","True","2026-06-01T01:33:29"
"5 - Test/Raw data/RawDataA14_Sync.xlsx","5 - Test",".xlsx","18844026","True","2026-06-01T01:33:29"
"5 - Test/Raw data/RawDataA15_Sync.xlsx","5 - Test",".xlsx","21270959","True","2026-06-01T01:33:29"
"5 - Test/Raw data/RawDataA16_Sync.xlsx","5 - Test",".xlsx","21941930","True","2026-06-01T01:33:29"
"5 - Test/Raw data/RawDataA17_Sync.xlsx","5 - Test",".xlsx","21317666","True","2026-06-01T01:33:29"
"5 - Test/Raw data/RawDataA18_Sync.xlsx","5 - Test",".xlsx","19834607","True","2026-06-01T01:33:29"
"5 - Test/Raw data/RawDataA19_Sync.xlsx","5 - Test",".xlsx","23367589","True","2026-06-01T01:33:29"
"5 - Test/Raw data/RawDataA2_Sync.xlsx","5 - Test",".xlsx","18404762","True","2026-06-01T01:33:30"
"5 - Test/Raw data/RawDataA20_Sync.xlsx","5 - Test",".xlsx","25139496","True","2026-06-01T01:33:29"
"5 - Test/Raw data/RawDataA21_Sync.xlsx","5 - Test",".xlsx","24836414","True","2026-06-01T01:33:29"
"5 - Test/Raw data/RawDataA22_Sync.xlsx","5 - Test",".xlsx","21856319","True","2026-06-01T01:33:29"
"5 - Test/Raw data/RawDataA23_Sync.xlsx","5 - Test",".xlsx","18659909","True","2026-06-01T01:33:29"
"5 - Test/Raw data/RawDataA24_Sync.xlsx","5 - Test",".xlsx","18085729","True","2026-06-01T01:33:29"
"5 - Test/Raw data/RawDataA25_Sync.xlsx","5 - Test",".xlsx","21863310","True","2026-06-01T01:33:29"
"5 - Test/Raw data/RawDataA26_Sync.xlsx","5 - Test",".xlsx","30169956","True","2026-06-01T01:33:29"
"5 - Test/Raw data/RawDataA27_Sync.xlsx","5 - Test",".xlsx","25868182","True","2026-06-01T01:33:29"
"5 - Test/Raw data/RawDataA28_Sync.xlsx","5 - Test",".xlsx","28269745","True","2026-06-01T01:33:30"
"5 - Test/Raw data/RawDataA29_Sync.xlsx","5 - Test",".xlsx","25319576","True","2026-06-01T01:33:30"
"5 - Test/Raw data/RawDataA3_Sync.xlsx","5 - Test",".xlsx","26934777","True","2026-06-01T01:33:31"
"5 - Test/Raw data/RawDataA30_Sync.xlsx","5 - Test",".xlsx","20447428","True","2026-06-01T01:33:30"
"5 - Test/Raw data/RawDataA31_Sync.xlsx","5 - Test",".xlsx","19792661","True","2026-06-01T01:33:30"
"5 - Test/Raw data/RawDataA32_Sync.xlsx","5 - Test",".xlsx","40456584","True","2026-06-01T01:33:31"
"5 - Test/Raw data/RawDataA33_Sync.xlsx","5 - Test",".xlsx","20240776","True","2026-06-01T01:33:31"
"5 - Test/Raw data/RawDataA34_Sync.xlsx","5 - Test",".xlsx","22009746","True","2026-06-01T01:33:31"
"5 - Test/Raw data/RawDataA35_Sync.xlsx","5 - Test",".xlsx","22961304","True","2026-06-01T01:33:31"
"5 - Test/Raw data/RawDataA36_Sync.xlsx","5 - Test",".xlsx","27750145","True","2026-06-01T01:33:31"
"5 - Test/Raw data/RawDataA37_Sync.xlsx","5 - Test",".xlsx","15668510","True","2026-06-01T01:33:31"
"5 - Test/Raw data/RawDataA38_Sync.xlsx","5 - Test",".xlsx","17375859","True","2026-06-01T01:33:31"
"5 - Test/Raw data/RawDataA39_Sync.xlsx","5 - Test",".xlsx","19269837","True","2026-06-01T01:33:31"
"5 - Test/Raw data/RawDataA4_Sync.xlsx","5 - Test",".xlsx","22981437","True","2026-06-01T01:33:45"
"5 - Test/Raw data/RawDataA40_Sync.xlsx","5 - Test",".xlsx","16596255","True","2026-06-01T01:33:31"
"5 - Test/Raw data/RawDataA41_Sync.xlsx","5 - Test",".xlsx","18684063","True","2026-06-01T01:33:31"
"5 - Test/Raw data/RawDataA42_Sync.xlsx","5 - Test",".xlsx","18952846","True","2026-06-01T01:33:31"
"5 - Test/Raw data/RawDataA43_Sync.xlsx","5 - Test",".xlsx","18280468","True","2026-06-01T01:33:31"
"5 - Test/Raw data/RawDataA44_Sync.xlsx","5 - Test",".xlsx","18907074","True","2026-06-01T01:33:31"
"5 - Test/Raw data/RawDataA45_Sync.xlsx","5 - Test",".xlsx","19732879","True","2026-06-01T01:33:32"
"5 - Test/Raw data/RawDataA46_Sync.xlsx","5 - Test",".xlsx","16231824","True","2026-06-01T01:33:32"
"5 - Test/Raw data/RawDataA47_Sync.xlsx","5 - Test",".xlsx","17195748","True","2026-06-01T01:33:32"
"5 - Test/Raw data/RawDataA48_Sync.xlsx","5 - Test",".xlsx","18190754","True","2026-06-01T01:33:32"
"5 - Test/Raw data/RawDataA49_Sync.xlsx","5 - Test",".xlsx","21954162","True","2026-06-01T01:33:39"
"5 - Test/Raw data/RawDataA5_Sync.xlsx","5 - Test",".xlsx","28277938","True","2026-06-01T01:33:53"
"5 - Test/Raw data/RawDataA50_Sync.xlsx","5 - Test",".xlsx","25988023","True","2026-06-01T01:33:51"
"5 - Test/Raw data/RawDataA51_Sync.xlsx","5 - Test",".xlsx","18169043","True","2026-06-01T01:33:51"
"5 - Test/Raw data/RawDataA52_Sync.xlsx","5 - Test",".xlsx","15943981","True","2026-06-01T01:33:51"
"5 - Test/Raw data/RawDataA53_Sync.xlsx","5 - Test",".xlsx","18259853","True","2026-06-01T01:33:51"
"5 - Test/Raw data/RawDataA54_Sync.xlsx","5 - Test",".xlsx","19847822","True","2026-06-01T01:33:51"
"5 - Test/Raw data/RawDataA55_Sync.xlsx","5 - Test",".xlsx","18460986","True","2026-06-01T01:33:52"
"5 - Test/Raw data/RawDataA56_Sync.xlsx","5 - Test",".xlsx","19404877","True","2026-06-01T01:33:52"
"5 - Test/Raw data/RawDataA57_Sync.xlsx","5 - Test",".xlsx","20374396","True","2026-06-01T01:33:52"
"5 - Test/Raw data/RawDataA58_Sync.xlsx","5 - Test",".xlsx","16058973","True","2026-06-01T01:33:53"
"5 - Test/Raw data/RawDataA59_Sync.xlsx","5 - Test",".xlsx","19336537","True","2026-06-01T01:33:53"
"5 - Test/Raw data/RawDataA6_Sync.xlsx","5 - Test",".xlsx","41979128","True","2026-06-01T01:33:57"
"5 - Test/Raw data/RawDataA60_Sync.xlsx","5 - Test",".xlsx","22887486","True","2026-06-01T01:33:55"
"5 - Test/Raw data/RawDataA61_Sync.xlsx","5 - Test",".xlsx","20513044","True","2026-06-01T01:33:55"
"5 - Test/Raw data/RawDataA62_Sync.xlsx","5 - Test",".xlsx","19645655","True","2026-06-01T01:33:55"
"5 - Test/Raw data/RawDataA63_Sync.xlsx","5 - Test",".xlsx","18429543","True","2026-06-01T01:33:56"
"5 - Test/Raw data/RawDataA64_Sync.xlsx","5 - Test",".xlsx","28730403","True","2026-06-01T01:33:56"
"5 - Test/Raw data/RawDataA65_Sync.xlsx","5 - Test",".xlsx","15945031","True","2026-06-01T01:33:56"
"5 - Test/Raw data/RawDataA66_Sync.xlsx","5 - Test",".xlsx","15027233","True","2026-06-01T01:33:56"
"5 - Test/Raw data/RawDataA67_Sync.xlsx","5 - Test",".xlsx","15524216","True","2026-06-01T01:33:57"
"5 - Test/Raw data/RawDataA68_Sync.xlsx","5 - Test",".xlsx","14018915","True","2026-06-01T01:33:57"
"5 - Test/Raw data/RawDataA69_Sync.xlsx","5 - Test",".xlsx","15863757","True","2026-06-01T01:33:57"
"5 - Test/Raw data/RawDataA7_Sync.xlsx","5 - Test",".xlsx","20795131","True","2026-06-01T01:34:01"
"5 - Test/Raw data/RawDataA70_Sync.xlsx","5 - Test",".xlsx","17810639","True","2026-06-01T01:33:58"
"5 - Test/Raw data/RawDataA71_Sync.xlsx","5 - Test",".xlsx","16518975","True","2026-06-01T01:33:58"
"5 - Test/Raw data/RawDataA72_Sync.xlsx","5 - Test",".xlsx","16684900","True","2026-06-01T01:33:58"
"5 - Test/Raw data/RawDataA73_Sync.xlsx","5 - Test",".xlsx","16533934","True","2026-06-01T01:33:58"
"5 - Test/Raw data/RawDataA74_Sync.xlsx","5 - Test",".xlsx","18693185","True","2026-06-01T01:33:58"
"5 - Test/Raw data/RawDataA75_Sync.xlsx","5 - Test",".xlsx","12171901","True","2026-06-01T01:33:59"
"5 - Test/Raw data/RawDataA76_Sync.xlsx","5 - Test",".xlsx","20866102","True","2026-06-01T01:33:59"
"5 - Test/Raw data/RawDataA77_Sync.xlsx","5 - Test",".xlsx","26589619","True","2026-06-01T01:34:00"
"5 - Test/Raw data/RawDataA78_Sync.xlsx","5 - Test",".xlsx","27305688","True","2026-06-01T01:34:00"
"5 - Test/Raw data/RawDataA79_Sync.xlsx","5 - Test",".xlsx","17036162","True","2026-06-01T01:34:01"
"5 - Test/Raw data/RawDataA8_Sync.xlsx","5 - Test",".xlsx","16488738","True","2026-06-01T01:34:04"
"5 - Test/Raw data/RawDataA80_Sync.xlsx","5 - Test",".xlsx","16595892","True","2026-06-01T01:34:01"
"5 - Test/Raw data/RawDataA81_Sync.xlsx","5 - Test",".xlsx","17432682","True","2026-06-01T01:34:01"
"5 - Test/Raw data/RawDataA82_Sync.xlsx","5 - Test",".xlsx","19967746","True","2026-06-01T01:34:02"
"5 - Test/Raw data/RawDataA83_Sync.xlsx","5 - Test",".xlsx","17626634","True","2026-06-01T01:34:02"
"5 - Test/Raw data/RawDataA84_Sync.xlsx","5 - Test",".xlsx","41413885","True","2026-06-01T01:34:02"
"5 - Test/Raw data/RawDataA85_Sync.xlsx","5 - Test",".xlsx","15548089","True","2026-06-01T01:34:03"
"5 - Test/Raw data/RawDataA86_Sync.xlsx","5 - Test",".xlsx","18155964","True","2026-06-01T01:34:03"
"5 - Test/Raw data/RawDataA87_Sync.xlsx","5 - Test",".xlsx","20690229","True","2026-06-01T01:34:03"
"5 - Test/Raw data/RawDataA88_Sync.xlsx","5 - Test",".xlsx","26417955","True","2026-06-01T01:34:03"
"5 - Test/Raw data/RawDataA89_Sync.xlsx","5 - Test",".xlsx","22346585","True","2026-06-01T01:34:04"
"5 - Test/Raw data/RawDataA9_Sync.xlsx","5 - Test",".xlsx","22928817","True","2026-06-01T01:34:07"
"5 - Test/Raw data/RawDataA90_Sync.xlsx","5 - Test",".xlsx","18953770","True","2026-06-01T01:34:05"
"5 - Test/Raw data/RawDataA91_Sync.xlsx","5 - Test",".xlsx","18237415","True","2026-06-01T01:34:05"
"5 - Test/Raw data/RawDataA93_Sync.xlsx","5 - Test",".xlsx","32155877","True","2026-06-01T01:34:06"
"5 - Test/Raw data/RawDataA94_Sync.xlsx","5 - Test",".xlsx","19799329","True","2026-06-01T01:34:06"
"5 - Test/Raw data/RawDataA95_Sync.xlsx","5 - Test",".xlsx","13879284","True","2026-06-01T01:34:06"
"5 - Test/Raw data/RawDataA96_Sync.xlsx","5 - Test",".xlsx","15857361","True","2026-06-01T01:34:06"
"5 - Test/Raw data/RawDataA97_Sync.xlsx","5 - Test",".xlsx","19038544","True","2026-06-01T01:34:06"
"5 - Test/Raw data/RawDataA98_Sync.xlsx","5 - Test",".xlsx","16883857","True","2026-06-01T01:34:07"
"5 - Test/Raw data/RawDataA99_Sync.xlsx","5 - Test",".xlsx","18285477","True","2026-06-01T01:34:07"
"5 - Test/Raw data/RawDataB1_Sync.xlsx","5 - Test",".xlsx","18343359","True","2026-06-01T01:34:09"
"5 - Test/Raw data/RawDataB10_Sync.xlsx","5 - Test",".xlsx","16199502","True","2026-06-01T01:34:08"
"5 - Test/Raw data/RawDataB11_Sync.xlsx","5 - Test",".xlsx","17546755","True","2026-06-01T01:34:08"
"5 - Test/Raw data/RawDataB12_Sync.xlsx","5 - Test",".xlsx","20312151","True","2026-06-01T01:34:08"
"5 - Test/Raw data/RawDataB2_Sync.xlsx","5 - Test",".xlsx","14364155","True","2026-06-01T01:34:09"
"5 - Test/Raw data/RawDataB3_Sync.xlsx","5 - Test",".xlsx","15543575","True","2026-06-01T01:34:09"
"5 - Test/Raw data/RawDataB4_Sync.xlsx","5 - Test",".xlsx","17555695","True","2026-06-01T01:34:09"
"5 - Test/Raw data/RawDataB5_Sync.xlsx","5 - Test",".xlsx","15809726","True","2026-06-01T01:34:09"
"5 - Test/Raw data/RawDataB6_Sync.xlsx","5 - Test",".xlsx","16910110","True","2026-06-01T01:34:10"
"5 - Test/Raw data/RawDataB7_Sync.xlsx","5 - Test",".xlsx","20290813","True","2026-06-01T01:34:10"
"5 - Test/Raw data/RawDataB8_Sync.xlsx","5 - Test",".xlsx","16173481","True","2026-06-01T01:34:10"
"5 - Test/Raw data/RawDataB9_Sync.xlsx","5 - Test",".xlsx","18236834","True","2026-06-01T01:34:11"
"5 - Test/Raw data/说明.txt","5 - Test",".txt","1640","False","2026-04-30T21:23:08"
"5 - Test/Sequence & Ground motions/Ground motions/DBE_EW.txt","5 - Test",".txt","50377","False","2025-01-02T22:19:28"
"5 - Test/Sequence & Ground motions/Ground motions/DBE_NS.txt","5 - Test",".txt","50422","False","2025-01-02T22:19:28"
"5 - Test/Sequence & Ground motions/Ground motions/MCE_EW.txt","5 - Test",".txt","50370","False","2025-01-02T22:19:28"
"5 - Test/Sequence & Ground motions/Ground motions/MCE_NS.txt","5 - Test",".txt","50380","False","2025-01-02T22:19:29"
"5 - Test/Sequence & Ground motions/Ground motions/Scaling factor.xlsx","5 - Test",".xlsx","11320","False","2026-05-31T11:14:34"
"5 - Test/Sequence & Ground motions/Ground motions/SLE_EW.txt","5 - Test",".txt","50393","False","2025-01-02T22:19:29"
"5 - Test/Sequence & Ground motions/Ground motions/SLE_NS.txt","5 - Test",".txt","50411","False","2025-01-02T22:19:29"
"5 - Test/Sequence & Ground motions/Test Sequence_Final.xlsx","5 - Test",".xlsx","155049","False","2026-03-30T22:26:31"
"ACCESS.md","ACCESS.md",".md","1015","False","2026-06-01T01:35:44"
"DATA_DICTIONARY.md","DATA_DICTIONARY.md",".md","2430","False","2026-06-01T01:35:44"
"MANIFEST.csv","MANIFEST.csv",".csv","0","False","2026-06-01T01:36:12"
"README.md","README.md",".md","2414","False","2026-06-01T01:35:44"
